Country,Code,Year, Female to male ratio students at tertiary level education
Afghanistan, AFG, 2003, 0.28
Afghanistan, AFG, 2004, 0.28
Afghanistan, AFG, 2009, 0.24
Afghanistan, AFG, 2011, 0.34
Afghanistan, AFG, 2014, 0.28
Albania, ALB, 2000, 1.43
Albania, ALB, 2001, 1.49
Albania, ALB, 2002, 1.54
Albania, ALB, 2003, 1.56
Albania, ALB, 2004, 1.53
Albania, ALB, 2005, 1.42
Albania, ALB, 2006, 1.32
Albania, ALB, 2007, 1.35
Albania, ALB, 2008, 1.3
Albania, ALB, 2009, 1.35
Albania, ALB, 2010, 1.34
Albania, ALB, 2011, 1.35
Albania, ALB, 2012, 1.4
Albania, ALB, 2013, 1.46
Albania, ALB, 2014, 1.52
Albania, ALB, 2015, 1.53
Albania, ALB, 2016, 1.58
Algeria, DZA, 2004, 1.08
Algeria, DZA, 2005, 1.28
Algeria, DZA, 2006, 1.26
Algeria, DZA, 2007, 1.39
Algeria, DZA, 2009, 1.43
Algeria, DZA, 2010, 1.44
Algeria, DZA, 2011, 1.45
Algeria, DZA, 2012, 1.48
Algeria, DZA, 2013, 1.51
Algeria, DZA, 2014, 1.53
Algeria, DZA, 2015, 1.56
Algeria, DZA, 2016, 1.67
Angola, AGO, 2002, 0.64
Angola, AGO, 2011, 0.36
Angola, AGO, 2013, 0.78
Angola, AGO, 2015, 0.77
Antigua and Barbuda, ATG, 2009, 2.18
Antigua and Barbuda, ATG, 2010, 2.53
Antigua and Barbuda, ATG, 2011, 1.93
Antigua and Barbuda, ATG, 2012, 2.08
Argentina, ARG, 2000, 1.55
Argentina, ARG, 2001, 1.48
Argentina, ARG, 2002, 1.49
Argentina, ARG, 2003, 1.51
Argentina, ARG, 2004, 1.42
Argentina, ARG, 2005, 1.46
Argentina, ARG, 2006, 1.52
Argentina, ARG, 2007, 1.52
Argentina, ARG, 2008, 1.52
Argentina, ARG, 2009, 1.51
Argentina, ARG, 2010, 1.51
Argentina, ARG, 2011, 1.56
Argentina, ARG, 2012, 1.57
Argentina, ARG, 2013, 1.61
Argentina, ARG, 2014, 1.62
Argentina, ARG, 2015, 1.64
Armenia, ARM, 2000, 1.25
Armenia, ARM, 2001, 1.32
Armenia, ARM, 2002, 1.33
Armenia, ARM, 2003, 1.29
Armenia, ARM, 2004, 1.41
Armenia, ARM, 2005, 1.4
Armenia, ARM, 2006, 1.33
Armenia, ARM, 2007, 1.31
Armenia, ARM, 2008, 1.29
Armenia, ARM, 2009, 1.24
Armenia, ARM, 2010, 1.22
Armenia, ARM, 2011, 1.19
Armenia, ARM, 2012, 1.18
Armenia, ARM, 2013, 1.13
Armenia, ARM, 2014, 1.14
Armenia, ARM, 2015, 1.19
Armenia, ARM, 2016, 1.27
Aruba, ABW, 2000, 1.51
Aruba, ABW, 2001, 1.51
Aruba, ABW, 2002, 1.5
Aruba, ABW, 2003, 1.43
Aruba, ABW, 2004, 1.48
Aruba, ABW, 2005, 1.44
Aruba, ABW, 2006, 1.46
Aruba, ABW, 2007, 1.36
Aruba, ABW, 2008, 1.37
Aruba, ABW, 2009, 1.43
Aruba, ABW, 2010, 1.41
Aruba, ABW, 2011, 1.5
Aruba, ABW, 2012, 1.5
Aruba, ABW, 2013, 2.2
Aruba, ABW, 2014, 2.27
Aruba, ABW, 2015, 2.26
Australia, AUS, 2015, 1.45
Australia, AUS, 2016, 1.43
Austria, AUT, 2014, 1.19
Austria, AUT, 2015, 1.19
Austria, AUT, 2016, 1.19
Azerbaijan, AZE, 2006, 1.05
Azerbaijan, AZE, 2007, 1.02
Azerbaijan, AZE, 2008, 0.98
Azerbaijan, AZE, 2009, 0.99
Azerbaijan, AZE, 2010, 0.99
Azerbaijan, AZE, 2011, 1.02
Azerbaijan, AZE, 2012, 1.05
Azerbaijan, AZE, 2013, 1.11
Azerbaijan, AZE, 2014, 1.14
Azerbaijan, AZE, 2015, 1.16
Azerbaijan, AZE, 2016, 1.19
Bahrain, BHR, 2003, 2.19
Bahrain, BHR, 2005, 3.06
Bahrain, BHR, 2006, 3.15
Bahrain, BHR, 2011, 1.71
Bahrain, BHR, 2012, 2.03
Bahrain, BHR, 2013, 2.24
Bahrain, BHR, 2014, 1.98
Bahrain, BHR, 2015, 1.92
Bahrain, BHR, 2016, 1.87
Bangladesh, BGD, 2000, 0.49
Bangladesh, BGD, 2001, 0.53
Bangladesh, BGD, 2002, 0.49
Bangladesh, BGD, 2003, 0.49
Bangladesh, BGD, 2004, 0.48
Bangladesh, BGD, 2005, 0.52
Bangladesh, BGD, 2006, 0.55
Bangladesh, BGD, 2007, 0.55
Bangladesh, BGD, 2008, 0.55
Bangladesh, BGD, 2009, 0.6
Bangladesh, BGD, 2011, 0.69
Bangladesh, BGD, 2012, 0.72
Bangladesh, BGD, 2014, 0.74
Bangladesh, BGD, 2016, 0.7
Barbados, BRB, 2000, 2.68
Barbados, BRB, 2001, 2.47
Barbados, BRB, 2007, 2.15
Barbados, BRB, 2009, 2.21
Barbados, BRB, 2010, 2.18
Barbados, BRB, 2011, 2.25
Belarus, BLR, 2000, 1.32
Belarus, BLR, 2001, 1.33
Belarus, BLR, 2002, 1.36
Belarus, BLR, 2003, 1.38
Belarus, BLR, 2004, 1.38
Belarus, BLR, 2005, 1.37
Belarus, BLR, 2006, 1.38
Belarus, BLR, 2007, 1.42
Belarus, BLR, 2008, 1.47
Belarus, BLR, 2009, 1.47
Belarus, BLR, 2010, 1.45
Belarus, BLR, 2011, 1.43
Belarus, BLR, 2012, 1.4
Belarus, BLR, 2013, 1.35
Belarus, BLR, 2014, 1.33
Belarus, BLR, 2015, 1.33
Belarus, BLR, 2016, 1.29
Belgium, BEL, 2000, 1.15
Belgium, BEL, 2001, 1.18
Belgium, BEL, 2002, 1.19
Belgium, BEL, 2003, 1.2
Belgium, BEL, 2004, 1.22
Belgium, BEL, 2005, 1.25
Belgium, BEL, 2006, 1.26
Belgium, BEL, 2007, 1.27
Belgium, BEL, 2008, 1.26
Belgium, BEL, 2009, 1.25
Belgium, BEL, 2010, 1.27
Belgium, BEL, 2011, 1.27
Belgium, BEL, 2012, 1.28
Belgium, BEL, 2013, 1.3
Belgium, BEL, 2014, 1.3
Belgium, BEL, 2015, 1.31
Belize, BLZ, 2001, 1.63
Belize, BLZ, 2002, 1.68
Belize, BLZ, 2003, 1.58
Belize, BLZ, 2004, 1.51
Belize, BLZ, 2005, 1.58
Belize, BLZ, 2006, 1.67
Belize, BLZ, 2007, 1.63
Belize, BLZ, 2008, 1.61
Belize, BLZ, 2009, 1.66
Belize, BLZ, 2010, 1.6
Belize, BLZ, 2011, 1.66
Belize, BLZ, 2012, 1.65
Belize, BLZ, 2013, 1.64
Belize, BLZ, 2015, 1.61
Belize, BLZ, 2016, 1.62
Benin, BEN, 2000, 0.25
Benin, BEN, 2001, 0.25
Benin, BEN, 2006, 0.32
Benin, BEN, 2007, 0.34
Benin, BEN, 2008, 0.37
Benin, BEN, 2009, 0.39
Benin, BEN, 2010, 0.35
Benin, BEN, 2011, 0.27
Benin, BEN, 2012, 0.35
Benin, BEN, 2013, 0.38
Benin, BEN, 2014, 0.37
Benin, BEN, 2015, 0.4
Benin, BEN, 2016, 0.43
Bermuda, BMU, 2006, 2.23
Bermuda, BMU, 2007, 2.5
Bermuda, BMU, 2008, 2.09
Bermuda, BMU, 2009, 2.57
Bermuda, BMU, 2010, 2.11
Bermuda, BMU, 2011, 2.12
Bermuda, BMU, 2012, 2.03
Bermuda, BMU, 2013, 2.26
Bermuda, BMU, 2014, 1.89
Bermuda, BMU, 2015, 2.32
Bermuda, BMU, 2017, 1.68
Bhutan, BTN, 2005, 0.64
Bhutan, BTN, 2006, 0.6
Bhutan, BTN, 2007, 0.56
Bhutan, BTN, 2008, 0.58
Bhutan, BTN, 2009, 0.61
Bhutan, BTN, 2010, 0.61
Bhutan, BTN, 2011, 0.69
Bhutan, BTN, 2012, 0.69
Bhutan, BTN, 2013, 0.74
Botswana, BWA, 2000, 0.94
Botswana, BWA, 2001, 0.93
Botswana, BWA, 2002, 1
Botswana, BWA, 2003, 1
Botswana, BWA, 2004, 0.89
Botswana, BWA, 2005, 0.89
Botswana, BWA, 2006, 0.82
Botswana, BWA, 2014, 1.25
Botswana, BWA, 2015, 1.37
Botswana, BWA, 2016, 1.43
Botswana, BWA, 2017, 1.4
Brazil, BRA, 2001, 1.25
Brazil, BRA, 2002, 1.31
Brazil, BRA, 2003, 1.31
Brazil, BRA, 2004, 1.28
Brazil, BRA, 2005, 1.29
Brazil, BRA, 2007, 1.27
Brazil, BRA, 2008, 1.29
Brazil, BRA, 2009, 1.32
Brazil, BRA, 2011, 1.31
Brazil, BRA, 2012, 1.34
Brazil, BRA, 2013, 1.35
Brazil, BRA, 2014, 1.35
Brazil, BRA, 2015, 1.4
Brunei, BRN, 2000, 1.67
Brunei, BRN, 2001, 1.54
Brunei, BRN, 2002, 1.61
Brunei, BRN, 2003, 1.79
Brunei, BRN, 2004, 1.94
Brunei, BRN, 2005, 1.99
Brunei, BRN, 2006, 1.94
Brunei, BRN, 2007, 1.86
Brunei, BRN, 2008, 2
Brunei, BRN, 2009, 1.79
Brunei, BRN, 2010, 1.87
Brunei, BRN, 2011, 1.76
Brunei, BRN, 2012, 1.75
Brunei, BRN, 2013, 1.83
Brunei, BRN, 2014, 1.69
Brunei, BRN, 2015, 1.65
Brunei, BRN, 2016, 1.6
Bulgaria, BGR, 2000, 1.41
Bulgaria, BGR, 2001, 1.36
Bulgaria, BGR, 2002, 1.24
Bulgaria, BGR, 2003, 1.19
Bulgaria, BGR, 2004, 1.18
Bulgaria, BGR, 2005, 1.16
Bulgaria, BGR, 2006, 1.23
Bulgaria, BGR, 2007, 1.24
Bulgaria, BGR, 2008, 1.32
Bulgaria, BGR, 2009, 1.33
Bulgaria, BGR, 2010, 1.32
Bulgaria, BGR, 2011, 1.3
Bulgaria, BGR, 2012, 1.27
Bulgaria, BGR, 2013, 1.27
Bulgaria, BGR, 2014, 1.26
Bulgaria, BGR, 2015, 1.28
Bulgaria, BGR, 2016, 1.25
Burkina Faso, BFA, 2002, 0.35
Burkina Faso, BFA, 2003, 0.29
Burkina Faso, BFA, 2005, 0.45
Burkina Faso, BFA, 2006, 0.46
Burkina Faso, BFA, 2007, 0.46
Burkina Faso, BFA, 2008, 0.49
Burkina Faso, BFA, 2009, 0.48
Burkina Faso, BFA, 2010, 0.48
Burkina Faso, BFA, 2011, 0.5
Burkina Faso, BFA, 2012, 0.5
Burkina Faso, BFA, 2013, 0.49
Burkina Faso, BFA, 2014, 0.49
Burkina Faso, BFA, 2015, 0.52
Burkina Faso, BFA, 2016, 0.51
Burma (Myanmar), MMR, 2007, 1.37
Burma (Myanmar), MMR, 2011, 1.34
Burma (Myanmar), MMR, 2012, 1.23
Burma (Myanmar), MMR, 2017, 1.47
Burundi, BDI, 2000, 0.35
Burundi, BDI, 2001, 0.36
Burundi, BDI, 2002, 0.43
Burundi, BDI, 2004, 0.38
Burundi, BDI, 2005, 0.37
Burundi, BDI, 2006, 0.43
Burundi, BDI, 2010, 0.5
Burundi, BDI, 2011, 0.42
Burundi, BDI, 2012, 0.45
Burundi, BDI, 2013, 0.41
Burundi, BDI, 2014, 0.31
Cambodia, KHM, 2000, 0.32
Cambodia, KHM, 2001, 0.36
Cambodia, KHM, 2002, 0.4
Cambodia, KHM, 2004, 0.45
Cambodia, KHM, 2005, 0.46
Cambodia, KHM, 2006, 0.46
Cambodia, KHM, 2007, 0.49
Cambodia, KHM, 2008, 0.51
Cambodia, KHM, 2009, 0.56
Cambodia, KHM, 2010, 0.59
Cambodia, KHM, 2011, 0.62
Cambodia, KHM, 2015, 0.82
Cameroon, CMR, 2002, 0.64
Cameroon, CMR, 2003, 0.64
Cameroon, CMR, 2004, 0.64
Cameroon, CMR, 2005, 0.66
Cameroon, CMR, 2006, 0.72
Cameroon, CMR, 2007, 0.79
Cameroon, CMR, 2008, 0.79
Cameroon, CMR, 2009, 0.79
Cameroon, CMR, 2010, 0.82
Cameroon, CMR, 2011, 0.74
Cameroon, CMR, 2012, 0.78
Cameroon, CMR, 2013, 0.78
Cameroon, CMR, 2014, 0.78
Cameroon, CMR, 2015, 0.81
Cape Verde, CPV, 2000, 1.03
Cape Verde, CPV, 2001, 1.04
Cape Verde, CPV, 2002, 1.05
Cape Verde, CPV, 2003, 1.14
Cape Verde, CPV, 2004, 1.14
Cape Verde, CPV, 2005, 1.07
Cape Verde, CPV, 2006, 1.13
Cape Verde, CPV, 2007, 1.26
Cape Verde, CPV, 2008, 1.31
Cape Verde, CPV, 2009, 1.35
Cape Verde, CPV, 2010, 1.29
Cape Verde, CPV, 2011, 1.36
Cape Verde, CPV, 2012, 1.37
Cape Verde, CPV, 2013, 1.43
Cape Verde, CPV, 2014, 1.43
Cape Verde, CPV, 2015, 1.42
Cape Verde, CPV, 2016, 1.45
Central African Republic, CAF, 2000, 0.19
Central African Republic, CAF, 2006, 0.28
Central African Republic, CAF, 2008, 0.35
Central African Republic, CAF, 2009, 0.43
Central African Republic, CAF, 2010, 0.32
Central African Republic, CAF, 2012, 0.36
Chad, TCD, 2000, 0.18
Chad, TCD, 2001, 0.18
Chad, TCD, 2003, 0.11
Chad, TCD, 2004, 0.14
Chad, TCD, 2005, 0.06
Chad, TCD, 2008, 0.15
Chad, TCD, 2009, 0.17
Chad, TCD, 2010, 0.17
Chad, TCD, 2011, 0.24
Chad, TCD, 2014, 0.2
Chile, CHL, 2000, 0.92
Chile, CHL, 2002, 0.93
Chile, CHL, 2003, 0.95
Chile, CHL, 2004, 0.95
Chile, CHL, 2005, 0.96
Chile, CHL, 2006, 1
Chile, CHL, 2007, 1.01
Chile, CHL, 2008, 1.03
Chile, CHL, 2009, 1.07
Chile, CHL, 2010, 1.08
Chile, CHL, 2011, 1.11
Chile, CHL, 2012, 1.13
Chile, CHL, 2013, 1.12
Chile, CHL, 2014, 1.13
Chile, CHL, 2015, 1.13
Chile, CHL, 2016, 1.14
China, CHN, 2003, 0.83
China, CHN, 2004, 0.89
China, CHN, 2005, 0.9
China, CHN, 2006, 0.94
China, CHN, 2007, 0.98
China, CHN, 2008, 1.02
China, CHN, 2009, 1.04
China, CHN, 2010, 1.06
China, CHN, 2011, 1.09
China, CHN, 2012, 1.11
China, CHN, 2013, 1.14
China, CHN, 2014, 1.16
China, CHN, 2015, 1.19
China, CHN, 2016, 1.21
Colombia, COL, 2000, 1.09
Colombia, COL, 2001, 1.1
Colombia, COL, 2002, 1.09
Colombia, COL, 2004, 1.08
Colombia, COL, 2005, 1.08
Colombia, COL, 2006, 1.09
Colombia, COL, 2007, 1.09
Colombia, COL, 2008, 0.99
Colombia, COL, 2009, 1.05
Colombia, COL, 2010, 1.1
Colombia, COL, 2011, 1.1
Colombia, COL, 2012, 1.13
Colombia, COL, 2013, 1.15
Colombia, COL, 2014, 1.15
Colombia, COL, 2015, 1.16
Colombia, COL, 2016, 1.16
Comoros, COM, 2000, 0.73
Comoros, COM, 2003, 0.78
Comoros, COM, 2009, 0.71
Comoros, COM, 2010, 0.74
Comoros, COM, 2011, 0.79
Comoros, COM, 2012, 0.86
Comoros, COM, 2013, 0.87
Comoros, COM, 2014, 0.81
Costa Rica, CRC, 2004, 1.23
Costa Rica, CRC, 2011, 1.25
Costa Rica, CRC, 2012, 1.25
Costa Rica, CRC, 2013, 1.22
Costa Rica, CRC, 2014, 1.24
Costa Rica, CRC, 2015, 1.31
Costa Rica, CRC, 2016, 1.24
Croatia, HRV, 2000, 1.16
Croatia, HRV, 2001, 1.15
Croatia, HRV, 2002, 1.15
Croatia, HRV, 2003, 1.18
Croatia, HRV, 2004, 1.21
Croatia, HRV, 2005, 1.21
Croatia, HRV, 2006, 1.23
Croatia, HRV, 2007, 1.23
Croatia, HRV, 2008, 1.25
Croatia, HRV, 2009, 1.27
Croatia, HRV, 2010, 1.34
Croatia, HRV, 2011, 1.4
Croatia, HRV, 2012, 1.36
Croatia, HRV, 2013, 1.35
Croatia, HRV, 2014, 1.37
Croatia, HRV, 2015, 1.35
Croatia, HRV, 2016, 1.38
Cuba, CUB, 2000, 1.18
Cuba, CUB, 2001, 1.12
Cuba, CUB, 2002, 1.22
Cuba, CUB, 2003, 1.31
Cuba, CUB, 2004, 1.7
Cuba, CUB, 2005, 1.69
Cuba, CUB, 2006, 1.61
Cuba, CUB, 2007, 1.81
Cuba, CUB, 2008, 1.66
Cuba, CUB, 2009, 1.66
Cuba, CUB, 2010, 1.65
Cuba, CUB, 2011, 1.64
Cuba, CUB, 2012, 1.54
Cuba, CUB, 2013, 1.67
Cuba, CUB, 2015, 1.41
Cuba, CUB, 2016, 1.41
Cyprus, CYP, 2000, 1.31
Cyprus, CYP, 2001, 1.37
Cyprus, CYP, 2002, 1.26
Cyprus, CYP, 2003, 1.03
Cyprus, CYP, 2004, 0.98
Cyprus, CYP, 2005, 1.13
Cyprus, CYP, 2006, 1.05
Cyprus, CYP, 2007, 0.99
Cyprus, CYP, 2008, 0.96
Cyprus, CYP, 2009, 0.87
Cyprus, CYP, 2010, 0.9
Cyprus, CYP, 2011, 1.03
Cyprus, CYP, 2012, 1.18
Cyprus, CYP, 2013, 1.29
Cyprus, CYP, 2014, 1.42
Cyprus, CYP, 2015, 1.36
Czech Republic, CZE, 2000, 1.04
Czech Republic, CZE, 2001, 1.05
Czech Republic, CZE, 2002, 1.1
Czech Republic, CZE, 2003, 1.07
Czech Republic, CZE, 2004, 1.1
Czech Republic, CZE, 2005, 1.16
Czech Republic, CZE, 2006, 1.22
Czech Republic, CZE, 2007, 1.27
Czech Republic, CZE, 2008, 1.32
Czech Republic, CZE, 2009, 1.38
Czech Republic, CZE, 2010, 1.4
Czech Republic, CZE, 2011, 1.42
Czech Republic, CZE, 2012, 1.42
Czech Republic, CZE, 2013, 1.42
Czech Republic, CZE, 2014, 1.4
Czech Republic, CZE, 2015, 1.41
Democratic Republic of the Congo, COD, 2007, 0.35
Democratic Republic of the Congo, COD, 2008, 0.36
Democratic Republic of the Congo, COD, 2009, 0.31
Democratic Republic of the Congo, COD, 2011, 0.45
Democratic Republic of the Congo, COD, 2012, 0.55
Democratic Republic of the Congo, COD, 2013, 0.46
Denmark, DNK, 2000, 1.37
Denmark, DNK, 2001, 1.33
Denmark, DNK, 2002, 1.39
Denmark, DNK, 2003, 1.41
Denmark, DNK, 2004, 1.4
Denmark, DNK, 2005, 1.38
Denmark, DNK, 2006, 1.38
Denmark, DNK, 2007, 1.4
Denmark, DNK, 2008, 1.43
Denmark, DNK, 2009, 1.46
Denmark, DNK, 2010, 1.45
Denmark, DNK, 2011, 1.43
Denmark, DNK, 2012, 1.42
Denmark, DNK, 2013, 1.39
Denmark, DNK, 2014, 1.41
Denmark, DNK, 2015, 1.4
Denmark, DNK, 2016, 1.36
Djibouti, DJI, 2000, 0.89
Djibouti, DJI, 2001, 0.72
Djibouti, DJI, 2002, 0.81
Djibouti, DJI, 2003, 0.7
Djibouti, DJI, 2004, 0.82
Djibouti, DJI, 2005, 0.73
Djibouti, DJI, 2006, 0.68
Djibouti, DJI, 2007, 0.69
Djibouti, DJI, 2008, 0.68
Djibouti, DJI, 2009, 0.7
Djibouti, DJI, 2010, 0.69
Djibouti, DJI, 2011, 0.68
Dominican Republic, DOM, 2003, 1.57
Dominican Republic, DOM, 2012, 1.6
Dominican Republic, DOM, 2014, 1.62
Dominican Republic, DOM, 2015, 1.84
Dominican Republic, DOM, 2016, 1.79
Ecuador, ECU, 2008, 1.15
Ecuador, ECU, 2012, 1.31
Ecuador, ECU, 2015, 1.16
Egypt, EGY, 2001, 0.79
Egypt, EGY, 2002, 0.82
Egypt, EGY, 2003, 0.87
Egypt, EGY, 2004, 0.81
Egypt, EGY, 2005, 0.84
Egypt, EGY, 2006, 0.88
Egypt, EGY, 2007, 0.76
Egypt, EGY, 2008, 0.93
Egypt, EGY, 2009, 0.9
Egypt, EGY, 2010, 0.92
Egypt, EGY, 2011, 0.91
Egypt, EGY, 2012, 0.89
Egypt, EGY, 2013, 0.89
Egypt, EGY, 2014, 0.89
Egypt, EGY, 2015, 0.96
Egypt, EGY, 2016, 1.02
El Salvador, SLV, 2000, 1.11
El Salvador, SLV, 2001, 1.1
El Salvador, SLV, 2002, 1.1
El Salvador, SLV, 2003, 1.08
El Salvador, SLV, 2004, 1.1
El Salvador, SLV, 2005, 1.12
El Salvador, SLV, 2006, 1.12
El Salvador, SLV, 2007, 1.12
El Salvador, SLV, 2008, 1.12
El Salvador, SLV, 2009, 1.11
El Salvador, SLV, 2010, 1.1
El Salvador, SLV, 2011, 1.09
El Salvador, SLV, 2012, 1.08
El Salvador, SLV, 2013, 1.09
El Salvador, SLV, 2014, 1.1
El Salvador, SLV, 2015, 1.11
El Salvador, SLV, 2016, 1.12
Equatorial Guinea, GNQ, 2000, 0.51
Eritrea, ERI, 2000, 0.17
Eritrea, ERI, 2001, 0.15
Eritrea, ERI, 2002, 0.15
Eritrea, ERI, 2004, 0.15
Eritrea, ERI, 2009, 0.33
Eritrea, ERI, 2010, 0.38
Eritrea, ERI, 2014, 0.49
Eritrea, ERI, 2015, 0.65
Eritrea, ERI, 2016, 0.71
Estonia, EST, 2000, 1.49
Estonia, EST, 2001, 1.6
Estonia, EST, 2002, 1.69
Estonia, EST, 2003, 1.7
Estonia, EST, 2004, 1.71
Estonia, EST, 2005, 1.68
Estonia, EST, 2006, 1.69
Estonia, EST, 2007, 1.66
Estonia, EST, 2008, 1.71
Estonia, EST, 2009, 1.73
Estonia, EST, 2010, 1.66
Estonia, EST, 2011, 1.58
Estonia, EST, 2012, 1.54
Estonia, EST, 2013, 1.5
Estonia, EST, 2014, 1.51
Estonia, EST, 2015, 1.52
Ethiopia, ETH, 2000, 0.28
Ethiopia, ETH, 2001, 0.27
Ethiopia, ETH, 2002, 0.36
Ethiopia, ETH, 2003, 0.33
Ethiopia, ETH, 2004, 0.33
Ethiopia, ETH, 2005, 0.32
Ethiopia, ETH, 2008, 0.31
Ethiopia, ETH, 2009, 0.44
Ethiopia, ETH, 2010, 0.43
Ethiopia, ETH, 2011, 0.44
Ethiopia, ETH, 2012, 0.46
Ethiopia, ETH, 2014, 0.48
Fiji, FJI, 2003, 1.2
Fiji, FJI, 2004, 1.2
Fiji, FJI, 2005, 1.19
Finland, FIN, 2000, 1.21
Finland, FIN, 2001, 1.22
Finland, FIN, 2002, 1.23
Finland, FIN, 2003, 1.2
Finland, FIN, 2004, 1.2
Finland, FIN, 2005, 1.21
Finland, FIN, 2006, 1.22
Finland, FIN, 2007, 1.23
Finland, FIN, 2008, 1.24
Finland, FIN, 2009, 1.23
Finland, FIN, 2010, 1.22
Finland, FIN, 2011, 1.23
Finland, FIN, 2012, 1.21
Finland, FIN, 2013, 1.21
Finland, FIN, 2014, 1.2
Finland, FIN, 2015, 1.2
Finland, FIN, 2016, 1.19
France, FRA, 2000, 1.24
France, FRA, 2001, 1.24
France, FRA, 2002, 1.27
France, FRA, 2003, 1.28
France, FRA, 2004, 1.28
France, FRA, 2005, 1.29
France, FRA, 2006, 1.29
France, FRA, 2007, 1.29
France, FRA, 2008, 1.29
France, FRA, 2009, 1.29
France, FRA, 2010, 1.27
France, FRA, 2011, 1.27
France, FRA, 2012, 1.27
France, FRA, 2013, 1.25
France, FRA, 2014, 1.25
France, FRA, 2015, 1.25
Gabon, GAB, 2001, 0.68
Gabon, GAB, 2003, 0.59
Gambia, GMB, 2004, 0.22
Gambia, GMB, 2010, 0.68
Gambia, GMB, 2011, 0.6
Gambia, GMB, 2012, 0.68
Georgia, GEO, 2000, 0.96
Georgia, GEO, 2001, 0.96
Georgia, GEO, 2002, 1
Georgia, GEO, 2003, 0.97
Georgia, GEO, 2004, 1.04
Georgia, GEO, 2005, 1.05
Georgia, GEO, 2006, 1.14
Georgia, GEO, 2007, 1.12
Georgia, GEO, 2008, 1.22
Georgia, GEO, 2009, 1.26
Georgia, GEO, 2010, 1.28
Georgia, GEO, 2011, 1.22
Georgia, GEO, 2012, 1.3
Georgia, GEO, 2013, 1.3
Georgia, GEO, 2014, 1.26
Georgia, GEO, 2015, 1.23
Georgia, GEO, 2016, 1.15
Germany, DEU, 2013, 0.94
Germany, DEU, 2014, 0.95
Germany, DEU, 2015, 0.98
Ghana, GHA, 2005, 0.53
Ghana, GHA, 2006, 0.5
Ghana, GHA, 2007, 0.51
Ghana, GHA, 2008, 0.42
Ghana, GHA, 2009, 0.59
Ghana, GHA, 2011, 0.59
Ghana, GHA, 2012, 0.61
Ghana, GHA, 2013, 0.63
Ghana, GHA, 2014, 0.66
Ghana, GHA, 2015, 0.69
Ghana, GHA, 2016, 0.72
Greece, GRC, 2000, 1.09
Greece, GRC, 2001, 1.14
Greece, GRC, 2002, 1.14
Greece, GRC, 2003, 1.12
Greece, GRC, 2004, 1.15
Greece, GRC, 2005, 1.11
Greece, GRC, 2006, 1.1
Greece, GRC, 2007, 1.07
Greece, GRC, 2010, 1.04
Greece, GRC, 2011, 1.02
Greece, GRC, 2012, 1.01
Greece, GRC, 2013, 0.99
Greece, GRC, 2014, 0.99
Grenada, GRD, 2009, 1.36
Grenada, GRD, 2015, 1.16
Grenada, GRD, 2016, 1.28
Guatemala, GTM, 2002, 0.74
Guatemala, GTM, 2007, 1.03
Guatemala, GTM, 2013, 1.05
Guatemala, GTM, 2014, 1.12
Guatemala, GTM, 2015, 1.18
Guinea, GIN, 2004, 0.19
Guinea, GIN, 2005, 0.23
Guinea, GIN, 2006, 0.27
Guinea, GIN, 2007, 0.29
Guinea, GIN, 2008, 0.33
Guinea, GIN, 2009, 0.34
Guinea, GIN, 2010, 0.33
Guinea, GIN, 2011, 0.35
Guinea, GIN, 2012, 0.37
Guinea, GIN, 2013, 0.44
Guinea, GIN, 2014, 0.45
Guyana, GUY, 2004, 1.91
Guyana, GUY, 2005, 2.14
Guyana, GUY, 2006, 2.27
Guyana, GUY, 2007, 2.17
Guyana, GUY, 2008, 1.43
Guyana, GUY, 2009, 2.05
Guyana, GUY, 2010, 2.42
Guyana, GUY, 2011, 2.28
Guyana, GUY, 2012, 2.05
Honduras, HND, 2000, 1.29
Honduras, HND, 2003, 1.44
Honduras, HND, 2004, 1.44
Honduras, HND, 2008, 1.53
Honduras, HND, 2010, 1.15
Honduras, HND, 2012, 1.38
Honduras, HND, 2013, 1.38
Honduras, HND, 2014, 1.37
Honduras, HND, 2015, 1.37
Hong Kong, HKG, 2003, 0.97
Hong Kong, HKG, 2004, 1.01
Hong Kong, HKG, 2005, 1.01
Hong Kong, HKG, 2006, 0.99
Hong Kong, HKG, 2007, 0.97
Hong Kong, HKG, 2008, 0.97
Hong Kong, HKG, 2009, 0.96
Hong Kong, HKG, 2010, 0.99
Hong Kong, HKG, 2011, 1.06
Hong Kong, HKG, 2012, 1.05
Hong Kong, HKG, 2013, 1.09
Hong Kong, HKG, 2014, 1.11
Hong Kong, HKG, 2015, 1.13
Hong Kong, HKG, 2016, 1.14
Hungary, HUN, 2000, 1.22
Hungary, HUN, 2001, 1.27
Hungary, HUN, 2002, 1.29
Hungary, HUN, 2003, 1.37
Hungary, HUN, 2004, 1.4
Hungary, HUN, 2005, 1.46
Hungary, HUN, 2006, 1.46
Hungary, HUN, 2007, 1.45
Hungary, HUN, 2008, 1.43
Hungary, HUN, 2009, 1.37
Hungary, HUN, 2010, 1.36
Hungary, HUN, 2011, 1.33
Hungary, HUN, 2012, 1.31
Hungary, HUN, 2013, 1.29
Hungary, HUN, 2014, 1.29
Hungary, HUN, 2015, 1.26
Hungary, HUN, 2016, 1.25
Iceland, ISL, 2000, 1.66
Iceland, ISL, 2001, 1.71
Iceland, ISL, 2002, 1.75
Iceland, ISL, 2003, 1.79
Iceland, ISL, 2004, 1.87
Iceland, ISL, 2005, 1.92
Iceland, ISL, 2006, 1.89
Iceland, ISL, 2007, 1.88
Iceland, ISL, 2008, 1.9
Iceland, ISL, 2009, 1.87
Iceland, ISL, 2010, 1.79
Iceland, ISL, 2011, 1.69
Iceland, ISL, 2012, 1.71
Iceland, ISL, 2013, 1.71
Iceland, ISL, 2014, 1.74
Iceland, ISL, 2015, 1.79
India, IND, 2000, 0.66
India, IND, 2001, 0.68
India, IND, 2002, 0.69
India, IND, 2003, 0.68
India, IND, 2004, 0.67
India, IND, 2005, 0.7
India, IND, 2006, 0.72
India, IND, 2007, 0.7
India, IND, 2009, 0.7
India, IND, 2010, 0.73
India, IND, 2011, 0.78
India, IND, 2013, 0.94
India, IND, 2014, 0.98
India, IND, 2015, 0.99
India, IND, 2016, 1
Indonesia, IDN, 2000, 0.89
Indonesia, IDN, 2001, 0.77
Indonesia, IDN, 2002, 0.87
Indonesia, IDN, 2003, 0.8
Indonesia, IDN, 2004, 0.79
Indonesia, IDN, 2006, 0.91
Indonesia, IDN, 2007, 0.99
Indonesia, IDN, 2008, 0.92
Indonesia, IDN, 2009, 0.96
Indonesia, IDN, 2010, 0.9
Indonesia, IDN, 2011, 0.88
Indonesia, IDN, 2012, 1.07
Indonesia, IDN, 2013, 1.13
Indonesia, IDN, 2014, 1.13
Indonesia, IDN, 2015, 1.13
Indonesia, IDN, 2016, 1.11
Iran, IRN, 2000, 0.85
Iran, IRN, 2001, 0.93
Iran, IRN, 2002, 0.99
Iran, IRN, 2003, 1.06
Iran, IRN, 2004, 1.08
Iran, IRN, 2005, 1.06
Iran, IRN, 2006, 1.08
Iran, IRN, 2007, 1.11
Iran, IRN, 2008, 1.13
Iran, IRN, 2009, 1.05
Iran, IRN, 2010, 0.99
Iran, IRN, 2011, 1
Iran, IRN, 2012, 1.01
Iran, IRN, 2013, 0.96
Iran, IRN, 2014, 0.93
Iran, IRN, 2015, 0.89
Iran, IRN, 2016, 0.91
Iraq, IRQ, 2000, 0.54
Iraq, IRQ, 2002, 0.54
Iraq, IRQ, 2004, 0.6
Iraq, IRQ, 2005, 0.6
Ireland, IRL, 2000, 1.23
Ireland, IRL, 2001, 1.26
Ireland, IRL, 2002, 1.28
Ireland, IRL, 2003, 1.31
Ireland, IRL, 2004, 1.28
Ireland, IRL, 2005, 1.26
Ireland, IRL, 2006, 1.27
Ireland, IRL, 2007, 1.27
Ireland, IRL, 2008, 1.21
Ireland, IRL, 2009, 1.19
Ireland, IRL, 2010, 1.12
Ireland, IRL, 2011, 1.09
Ireland, IRL, 2012, 1.06
Ireland, IRL, 2013, 1.04
Ireland, IRL, 2014, 1.05
Ireland, IRL, 2015, 1.07
Israel, ISR, 2000, 1.43
Israel, ISR, 2001, 1.4
Israel, ISR, 2002, 1.38
Israel, ISR, 2003, 1.32
Israel, ISR, 2004, 1.32
Israel, ISR, 2005, 1.33
Israel, ISR, 2006, 1.27
Israel, ISR, 2007, 1.31
Israel, ISR, 2008, 1.29
Israel, ISR, 2009, 1.3
Israel, ISR, 2011, 1.32
Israel, ISR, 2012, 1.32
Israel, ISR, 2013, 1.35
Israel, ISR, 2014, 1.34
Israel, ISR, 2015, 1.38
Israel, ISR, 2016, 1.4
Italy, ITA, 2000, 1.29
Italy, ITA, 2001, 1.32
Italy, ITA, 2002, 1.34
Italy, ITA, 2003, 1.34
Italy, ITA, 2004, 1.35
Italy, ITA, 2005, 1.37
Italy, ITA, 2006, 1.39
Italy, ITA, 2007, 1.41
Italy, ITA, 2008, 1.42
Italy, ITA, 2009, 1.43
Italy, ITA, 2010, 1.43
Italy, ITA, 2011, 1.43
Italy, ITA, 2012, 1.42
Italy, ITA, 2013, 1.4
Italy, ITA, 2014, 1.38
Italy, ITA, 2015, 1.36
Ivory Coast, CIV, 2007, 0.5
Ivory Coast, CIV, 2008, 0.55
Ivory Coast, CIV, 2009, 0.53
Ivory Coast, CIV, 2010, 0.52
Ivory Coast, CIV, 2011, 0.68
Ivory Coast, CIV, 2013, 0.62
Ivory Coast, CIV, 2014, 0.59
Ivory Coast, CIV, 2015, 0.66
Jamaica, JAM, 2000, 1.84
Jamaica, JAM, 2001, 1.99
Jamaica, JAM, 2002, 2.18
Jamaica, JAM, 2008, 2.31
Jamaica, JAM, 2009, 2.33
Jamaica, JAM, 2010, 2.3
Jamaica, JAM, 2011, 2.33
Jamaica, JAM, 2012, 2.05
Jamaica, JAM, 2013, 2.28
Jamaica, JAM, 2015, 1.73
Japan, JPN, 2000, 0.85
Japan, JPN, 2001, 0.85
Japan, JPN, 2002, 0.86
Japan, JPN, 2003, 0.88
Japan, JPN, 2004, 0.89
Japan, JPN, 2005, 0.89
Japan, JPN, 2006, 0.88
Japan, JPN, 2007, 0.88
Japan, JPN, 2008, 0.89
Japan, JPN, 2009, 0.89
Japan, JPN, 2010, 0.89
Japan, JPN, 2011, 0.9
Japan, JPN, 2012, 0.91
Japan, JPN, 2013, 0.92
Japan, JPN, 2014, 0.93
Japan, JPN, 2015, 0.94
Jordan, JOR, 2000, 1.15
Jordan, JOR, 2002, 1.03
Jordan, JOR, 2003, 1.12
Jordan, JOR, 2004, 1.13
Jordan, JOR, 2005, 1.09
Jordan, JOR, 2006, 1.14
Jordan, JOR, 2007, 1.12
Jordan, JOR, 2008, 1.12
Jordan, JOR, 2009, 1.11
Jordan, JOR, 2010, 1.14
Jordan, JOR, 2011, 1.16
Jordan, JOR, 2012, 1.15
Jordan, JOR, 2015, 1.09
Jordan, JOR, 2016, 1.07
Kazakhstan, KAZ, 2000, 1.19
Kazakhstan, KAZ, 2006, 1.39
Kazakhstan, KAZ, 2010, 1.27
Kazakhstan, KAZ, 2011, 1.26
Kazakhstan, KAZ, 2012, 1.27
Kazakhstan, KAZ, 2013, 1.27
Kazakhstan, KAZ, 2014, 1.26
Kazakhstan, KAZ, 2015, 1.28
Kazakhstan, KAZ, 2016, 1.24
Kazakhstan, KAZ, 2017, 1.26
Kenya, KEN, 2000, 0.54
Kenya, KEN, 2001, 0.54
Kenya, KEN, 2002, 0.54
Kenya, KEN, 2004, 0.6
Kenya, KEN, 2005, 0.6
Kenya, KEN, 2009, 0.7
Kuwait, KWT, 2001, 2.23
Kuwait, KWT, 2002, 2.28
Kuwait, KWT, 2003, 2.37
Kuwait, KWT, 2004, 2.3
Kuwait, KWT, 2013, 1.86
Kyrgyzstan, KGZ, 2000, 1.02
Kyrgyzstan, KGZ, 2001, 1.05
Kyrgyzstan, KGZ, 2002, 1.15
Kyrgyzstan, KGZ, 2003, 1.2
Kyrgyzstan, KGZ, 2004, 1.2
Kyrgyzstan, KGZ, 2005, 1.26
Kyrgyzstan, KGZ, 2006, 1.27
Kyrgyzstan, KGZ, 2007, 1.3
Kyrgyzstan, KGZ, 2008, 1.37
Kyrgyzstan, KGZ, 2009, 1.34
Kyrgyzstan, KGZ, 2010, 1.3
Kyrgyzstan, KGZ, 2011, 1.24
Kyrgyzstan, KGZ, 2012, 1.26
Kyrgyzstan, KGZ, 2013, 1.29
Kyrgyzstan, KGZ, 2014, 1.3
Kyrgyzstan, KGZ, 2015, 1.3
Kyrgyzstan, KGZ, 2016, 1.28
Laos, LAO, 2000, 0.52
Laos, LAO, 2001, 0.59
Laos, LAO, 2002, 0.56
Laos, LAO, 2003, 0.56
Laos, LAO, 2004, 0.62
Laos, LAO, 2005, 0.71
Laos, LAO, 2006, 0.67
Laos, LAO, 2007, 0.72
Laos, LAO, 2008, 0.77
Laos, LAO, 2009, 0.79
Laos, LAO, 2010, 0.77
Laos, LAO, 2011, 0.73
Laos, LAO, 2012, 0.82
Laos, LAO, 2013, 0.88
Laos, LAO, 2014, 0.93
Laos, LAO, 2015, 0.96
Laos, LAO, 2016, 1
Latvia, LVA, 2000, 1.78
Latvia, LVA, 2001, 1.67
Latvia, LVA, 2002, 1.65
Latvia, LVA, 2003, 1.67
Latvia, LVA, 2004, 1.71
Latvia, LVA, 2005, 1.78
Latvia, LVA, 2006, 1.8
Latvia, LVA, 2007, 1.85
Latvia, LVA, 2008, 1.89
Latvia, LVA, 2009, 1.83
Latvia, LVA, 2010, 1.76
Latvia, LVA, 2011, 1.64
Latvia, LVA, 2012, 1.54
Latvia, LVA, 2013, 1.5
Latvia, LVA, 2014, 1.42
Latvia, LVA, 2015, 1.54
Lebanon, LBN, 2000, 1.13
Lebanon, LBN, 2001, 1.14
Lebanon, LBN, 2002, 1.16
Lebanon, LBN, 2003, 1.18
Lebanon, LBN, 2004, 1.06
Lebanon, LBN, 2005, 1.05
Lebanon, LBN, 2006, 1.04
Lebanon, LBN, 2007, 1.07
Lebanon, LBN, 2008, 1.09
Lebanon, LBN, 2009, 1.04
Lebanon, LBN, 2010, 1.04
Lebanon, LBN, 2011, 1
Lebanon, LBN, 2012, 1.08
Lebanon, LBN, 2013, 1.09
Lebanon, LBN, 2014, 1.16
Lesotho, LSO, 2000, 1.7
Lesotho, LSO, 2001, 1.81
Lesotho, LSO, 2002, 1.43
Lesotho, LSO, 2003, 1.63
Lesotho, LSO, 2005, 1.35
Lesotho, LSO, 2006, 1.26
Lesotho, LSO, 2012, 1.49
Lesotho, LSO, 2013, 1.44
Lesotho, LSO, 2014, 1.43
Lesotho, LSO, 2015, 1.5
Liberia, LBR, 2000, 0.55
Liberia, LBR, 2010, 0.53
Liberia, LBR, 2012, 0.63
Libya, LBY, 2000, 0.99
Libya, LBY, 2001, 1.05
Libya, LBY, 2002, 1.11
Libya, LBY, 2003, 1.11
Liechtenstein, LIE, 2003, 0.38
Liechtenstein, LIE, 2004, 0.37
Liechtenstein, LIE, 2006, 0.43
Liechtenstein, LIE, 2007, 0.47
Liechtenstein, LIE, 2008, 0.52
Liechtenstein, LIE, 2009, 0.49
Liechtenstein, LIE, 2010, 0.62
Liechtenstein, LIE, 2011, 0.53
Liechtenstein, LIE, 2012, 0.55
Liechtenstein, LIE, 2014, 0.48
Liechtenstein, LIE, 2015, 0.49
Liechtenstein, LIE, 2016, 0.55
Lithuania, LTU, 2000, 1.53
Lithuania, LTU, 2001, 1.52
Lithuania, LTU, 2002, 1.57
Lithuania, LTU, 2003, 1.55
Lithuania, LTU, 2004, 1.55
Lithuania, LTU, 2005, 1.56
Lithuania, LTU, 2006, 1.55
Lithuania, LTU, 2007, 1.55
Lithuania, LTU, 2008, 1.54
Lithuania, LTU, 2009, 1.49
Lithuania, LTU, 2010, 1.5
Lithuania, LTU, 2011, 1.48
Lithuania, LTU, 2012, 1.46
Lithuania, LTU, 2013, 1.47
Lithuania, LTU, 2014, 1.46
Lithuania, LTU, 2015, 1.44
Lithuania, LTU, 2016, 1.4
Luxembourg, LUX, 2001, 1.17
Luxembourg, LUX, 2003, 1.19
Luxembourg, LUX, 2006, 1.13
Luxembourg, LUX, 2008, 0.96
Luxembourg, LUX, 2010, 1.11
Luxembourg, LUX, 2012, 1.14
Luxembourg, LUX, 2015, 1.11
Macao, MAC, 2000, 0.8
Macao, MAC, 2001, 0.62
Macao, MAC, 2002, 0.5
Macao, MAC, 2003, 0.52
Macao, MAC, 2004, 0.62
Macao, MAC, 2005, 0.67
Macao, MAC, 2006, 0.75
Macao, MAC, 2007, 0.85
Macao, MAC, 2008, 0.89
Macao, MAC, 2009, 0.92
Macao, MAC, 2010, 0.96
Macao, MAC, 2011, 0.99
Macao, MAC, 2012, 1.22
Macao, MAC, 2013, 1.25
Macao, MAC, 2014, 1.28
Macao, MAC, 2015, 1.3
Macao, MAC, 2016, 1.33
Macedonia, MKD, 2000, 1.29
Macedonia, MKD, 2001, 1.33
Macedonia, MKD, 2002, 1.3
Macedonia, MKD, 2003, 1.35
Macedonia, MKD, 2004, 1.4
Macedonia, MKD, 2005, 1.38
Macedonia, MKD, 2006, 1.38
Macedonia, MKD, 2007, 1.26
Macedonia, MKD, 2008, 1.2
Macedonia, MKD, 2009, 1.18
Macedonia, MKD, 2010, 1.16
Macedonia, MKD, 2012, 1.2
Macedonia, MKD, 2013, 1.26
Macedonia, MKD, 2014, 1.26
Macedonia, MKD, 2015, 1.25
Madagascar, MDG, 2000, 0.87
Madagascar, MDG, 2001, 0.84
Madagascar, MDG, 2002, 0.83
Madagascar, MDG, 2003, 0.83
Madagascar, MDG, 2004, 0.9
Madagascar, MDG, 2005, 0.89
Madagascar, MDG, 2006, 0.87
Madagascar, MDG, 2007, 0.89
Madagascar, MDG, 2008, 0.89
Madagascar, MDG, 2009, 0.9
Madagascar, MDG, 2010, 0.91
Madagascar, MDG, 2011, 0.93
Madagascar, MDG, 2012, 0.92
Madagascar, MDG, 2013, 0.94
Madagascar, MDG, 2014, 0.92
Madagascar, MDG, 2015, 0.9
Malawi, MWI, 2000, 0.38
Malawi, MWI, 2002, 0.41
Malawi, MWI, 2004, 0.54
Malawi, MWI, 2005, 0.54
Malawi, MWI, 2006, 0.5
Malawi, MWI, 2007, 0.5
Malawi, MWI, 2010, 0.61
Malawi, MWI, 2011, 0.64
Malaysia, MYS, 2014, 1.39
Malaysia, MYS, 2015, 1.34
Malaysia, MYS, 2016, 1.2
Maldives, MDV, 2003, 2.62
Maldives, MDV, 2007, 1.95
Maldives, MDV, 2008, 1.41
Maldives, MDV, 2014, 2.06
Mali, MLI, 2000, 0.48
Mali, MLI, 2001, 0.5
Mali, MLI, 2002, 0.5
Mali, MLI, 2008, 0.46
Mali, MLI, 2009, 0.42
Mali, MLI, 2010, 0.41
Mali, MLI, 2011, 0.42
Mali, MLI, 2012, 0.39
Mali, MLI, 2013, 0.42
Mali, MLI, 2014, 0.42
Mali, MLI, 2015, 0.42
Malta, MLT, 2000, 1.2
Malta, MLT, 2001, 1.28
Malta, MLT, 2002, 1.39
Malta, MLT, 2003, 1.39
Malta, MLT, 2004, 1.33
Malta, MLT, 2005, 1.35
Malta, MLT, 2006, 1.39
Malta, MLT, 2007, 1.42
Malta, MLT, 2008, 1.45
Malta, MLT, 2009, 1.37
Malta, MLT, 2010, 1.35
Malta, MLT, 2011, 1.36
Malta, MLT, 2012, 1.36
Malta, MLT, 2013, 1.34
Malta, MLT, 2014, 1.31
Malta, MLT, 2015, 1.37
Malta, MLT, 2016, 1.37
Mauritania, MRT, 2001, 0.21
Mauritania, MRT, 2002, 0.28
Mauritania, MRT, 2003, 0.28
Mauritania, MRT, 2004, 0.32
Mauritania, MRT, 2005, 0.34
Mauritania, MRT, 2006, 0.36
Mauritania, MRT, 2008, 0.41
Mauritania, MRT, 2009, 0.4
Mauritania, MRT, 2010, 0.41
Mauritania, MRT, 2011, 0.42
Mauritania, MRT, 2012, 0.43
Mauritania, MRT, 2013, 0.44
Mauritania, MRT, 2015, 0.5
Mauritania, MRT, 2016, 0.51
Mauritius, MUS, 2000, 0.85
Mauritius, MUS, 2001, 1.24
Mauritius, MUS, 2002, 0.98
Mauritius, MUS, 2003, 0.92
Mauritius, MUS, 2004, 0.97
Mauritius, MUS, 2005, 1.03
Mauritius, MUS, 2006, 1.01
Mauritius, MUS, 2007, 1.17
Mauritius, MUS, 2008, 1.24
Mauritius, MUS, 2009, 1.19
Mauritius, MUS, 2010, 1.21
Mauritius, MUS, 2011, 1.3
Mauritius, MUS, 2012, 1.33
Mauritius, MUS, 2013, 1.22
Mauritius, MUS, 2014, 1.23
Mauritius, MUS, 2015, 1.31
Mauritius, MUS, 2017, 1.29
Mexico, MEX, 2000, 0.96
Mexico, MEX, 2001, 0.98
Mexico, MEX, 2002, 0.99
Mexico, MEX, 2003, 1.01
Mexico, MEX, 2004, 1.02
Mexico, MEX, 2005, 1.04
Mexico, MEX, 2006, 1.04
Mexico, MEX, 2007, 1.04
Mexico, MEX, 2008, 1.04
Mexico, MEX, 2009, 1.04
Mexico, MEX, 2010, 1.04
Mexico, MEX, 2011, 1.03
Mexico, MEX, 2012, 1.02
Mexico, MEX, 2013, 1.01
Mexico, MEX, 2014, 1.01
Mexico, MEX, 2015, 1
Mexico, MEX, 2016, 1.02
Moldova, MDA, 2000, 1.32
Moldova, MDA, 2001, 1.29
Moldova, MDA, 2002, 1.34
Moldova, MDA, 2003, 1.32
Moldova, MDA, 2004, 1.35
Moldova, MDA, 2005, 1.46
Moldova, MDA, 2006, 1.38
Moldova, MDA, 2007, 1.39
Moldova, MDA, 2008, 1.45
Moldova, MDA, 2009, 1.39
Moldova, MDA, 2010, 1.34
Moldova, MDA, 2011, 1.35
Moldova, MDA, 2012, 1.32
Moldova, MDA, 2013, 1.29
Moldova, MDA, 2014, 1.32
Moldova, MDA, 2015, 1.34
Mongolia, MNG, 2000, 1.79
Mongolia, MNG, 2001, 1.76
Mongolia, MNG, 2002, 1.78
Mongolia, MNG, 2003, 1.73
Mongolia, MNG, 2004, 1.69
Mongolia, MNG, 2005, 1.65
Mongolia, MNG, 2006, 1.59
Mongolia, MNG, 2007, 1.56
Mongolia, MNG, 2008, 1.58
Mongolia, MNG, 2009, 1.55
Mongolia, MNG, 2010, 1.54
Mongolia, MNG, 2011, 1.49
Mongolia, MNG, 2012, 1.44
Mongolia, MNG, 2013, 1.42
Mongolia, MNG, 2014, 1.44
Mongolia, MNG, 2015, 1.38
Mongolia, MNG, 2016, 1.39
Montenegro, MNE, 2001, 1.33
Montenegro, MNE, 2002, 1.37
Montenegro, MNE, 2003, 1.47
Montenegro, MNE, 2004, 1.63
Montenegro, MNE, 2005, 1.58
Montenegro, MNE, 2006, 1.56
Montenegro, MNE, 2007, 1.4
Montenegro, MNE, 2008, 1.26
Montenegro, MNE, 2009, 1.3
Montenegro, MNE, 2010, 1.25
Montenegro, MNE, 2016, 1.25
Morocco, MAR, 2000, 0.73
Morocco, MAR, 2001, 0.76
Morocco, MAR, 2002, 0.78
Morocco, MAR, 2003, 0.77
Morocco, MAR, 2004, 0.83
Morocco, MAR, 2005, 0.8
Morocco, MAR, 2006, 0.88
Morocco, MAR, 2007, 0.9
Morocco, MAR, 2008, 0.95
Morocco, MAR, 2009, 0.88
Morocco, MAR, 2010, 0.9
Morocco, MAR, 2011, 0.92
Morocco, MAR, 2012, 0.92
Morocco, MAR, 2013, 0.96
Morocco, MAR, 2014, 0.97
Morocco, MAR, 2015, 0.96
Morocco, MAR, 2016, 0.93
Mozambique, MOZ, 2004, 0.45
Mozambique, MOZ, 2005, 0.48
Mozambique, MOZ, 2006, 0.87
Mozambique, MOZ, 2007, 0.6
Mozambique, MOZ, 2008, 0.62
Mozambique, MOZ, 2009, 0.61
Mozambique, MOZ, 2010, 0.65
Mozambique, MOZ, 2011, 0.62
Mozambique, MOZ, 2012, 0.65
Mozambique, MOZ, 2013, 0.67
Mozambique, MOZ, 2014, 0.71
Mozambique, MOZ, 2015, 0.73
Mozambique, MOZ, 2016, 0.79
Namibia, NAM, 2001, 0.83
Namibia, NAM, 2002, 1.35
Namibia, NAM, 2003, 1.11
Namibia, NAM, 2005, 0.85
Namibia, NAM, 2006, 0.85
Namibia, NAM, 2008, 1.27
Nepal, NPL, 2000, 0.37
Nepal, NPL, 2002, 0.25
Nepal, NPL, 2003, 0.3
Nepal, NPL, 2004, 0.35
Nepal, NPL, 2005, 0.54
Nepal, NPL, 2006, 0.52
Nepal, NPL, 2008, 0.6
Nepal, NPL, 2009, 0.6
Nepal, NPL, 2010, 0.61
Nepal, NPL, 2011, 0.63
Nepal, NPL, 2013, 0.82
Nepal, NPL, 2015, 1.02
Nepal, NPL, 2016, 1.07
Netherlands, NLD, 2000, 1.04
Netherlands, NLD, 2001, 1.06
Netherlands, NLD, 2002, 1.07
Netherlands, NLD, 2003, 1.08
Netherlands, NLD, 2004, 1.08
Netherlands, NLD, 2005, 1.08
Netherlands, NLD, 2006, 1.09
Netherlands, NLD, 2007, 1.1
Netherlands, NLD, 2008, 1.11
Netherlands, NLD, 2009, 1.12
Netherlands, NLD, 2010, 1.12
Netherlands, NLD, 2011, 1.12
Netherlands, NLD, 2012, 1.1
Netherlands, NLD, 2015, 1.14
Netherlands, NLD, 2016, 1.13
New Zealand, NZL, 2009, 1.45
New Zealand, NZL, 2010, 1.46
New Zealand, NZL, 2011, 1.45
New Zealand, NZL, 2012, 1.48
New Zealand, NZL, 2013, 1.48
New Zealand, NZL, 2014, 1.44
New Zealand, NZL, 2015, 1.41
New Zealand, NZL, 2016, 1.41
Nicaragua, NIC, 2002, 1.11
Niger, NER, 2003, 0.31
Niger, NER, 2004, 0.31
Niger, NER, 2005, 0.34
Niger, NER, 2006, 0.29
Niger, NER, 2007, 0.32
Niger, NER, 2008, 0.35
Niger, NER, 2009, 0.35
Niger, NER, 2010, 0.36
Niger, NER, 2011, 0.37
Niger, NER, 2012, 0.34
Nigeria, NGA, 2003, 0.69
Nigeria, NGA, 2004, 0.71
Nigeria, NGA, 2005, 0.71
Nigeria, NGA, 2010, 0.74
Nigeria, NGA, 2011, 0.69
North Korea, PRK, 2009, 0.5
North Korea, PRK, 2015, 0.55
Norway, NOR, 2000, 1.45
Norway, NOR, 2001, 1.51
Norway, NOR, 2002, 1.53
Norway, NOR, 2003, 1.53
Norway, NOR, 2004, 1.52
Norway, NOR, 2005, 1.52
Norway, NOR, 2006, 1.54
Norway, NOR, 2007, 1.57
Norway, NOR, 2008, 1.61
Norway, NOR, 2009, 1.63
Norway, NOR, 2010, 1.62
Norway, NOR, 2011, 1.59
Norway, NOR, 2012, 1.58
Norway, NOR, 2013, 1.5
Norway, NOR, 2014, 1.45
Norway, NOR, 2015, 1.46
Norway, NOR, 2016, 1.48
Oman, OMN, 2003, 0.74
Oman, OMN, 2004, 1.11
Oman, OMN, 2005, 1.07
Oman, OMN, 2006, 1.08
Oman, OMN, 2007, 1.24
Oman, OMN, 2009, 1.39
Oman, OMN, 2010, 1.44
Oman, OMN, 2011, 1.46
Oman, OMN, 2013, 1.79
Oman, OMN, 2014, 1.94
Oman, OMN, 2015, 1.87
Oman, OMN, 2016, 1.82
Pakistan, PAK, 2003, 0.8
Pakistan, PAK, 2004, 0.79
Pakistan, PAK, 2005, 0.87
Pakistan, PAK, 2006, 0.85
Pakistan, PAK, 2007, 0.85
Pakistan, PAK, 2008, 0.84
Pakistan, PAK, 2009, 0.84
Pakistan, PAK, 2011, 0.92
Pakistan, PAK, 2012, 0.95
Pakistan, PAK, 2013, 0.98
Pakistan, PAK, 2014, 1.06
Pakistan, PAK, 2015, 0.87
Pakistan, PAK, 2016, 0.87
Palau, PLW, 2001, 2.03
Palau, PLW, 2002, 2.04
Palau, PLW, 2013, 1.54
Palestine, PS, 2000, 0.9
Palestine, PS, 2001, 0.93
Palestine, PS, 2002, 0.95
Palestine, PS, 2003, 1.01
Palestine, PS, 2004, 1.01
Palestine, PS, 2005, 1.01
Palestine, PS, 2006, 1.15
Palestine, PS, 2007, 1.2
Palestine, PS, 2008, 1.21
Palestine, PS, 2009, 1.3
Palestine, PS, 2010, 1.34
Palestine, PS, 2011, 1.38
Palestine, PS, 2012, 1.41
Palestine, PS, 2013, 1.5
Palestine, PS, 2014, 1.55
Palestine, PS, 2015, 1.58
Palestine, PS, 2016, 1.59
Panama, PAN, 2000, 1.7
Panama, PAN, 2001, 1.73
Panama, PAN, 2002, 1.71
Panama, PAN, 2003, 1.6
Panama, PAN, 2004, 1.67
Panama, PAN, 2005, 1.64
Panama, PAN, 2006, 1.62
Panama, PAN, 2007, 1.59
Panama, PAN, 2008, 1.53
Panama, PAN, 2009, 1.52
Panama, PAN, 2010, 1.53
Panama, PAN, 2011, 1.55
Panama, PAN, 2012, 1.55
Panama, PAN, 2014, 1.59
Panama, PAN, 2015, 1.57
Paraguay, PRY, 2000, 1.36
Paraguay, PRY, 2001, 1.38
Paraguay, PRY, 2002, 1.4
Paraguay, PRY, 2003, 1.38
Paraguay, PRY, 2004, 1.34
Paraguay, PRY, 2005, 1.13
Paraguay, PRY, 2007, 1.35
Paraguay, PRY, 2008, 1.36
Paraguay, PRY, 2009, 1.44
Paraguay, PRY, 2010, 1.42
Peru, PER, 2001, 0.98
Peru, PER, 2002, 1.07
Peru, PER, 2003, 1.07
Peru, PER, 2004, 1.02
Peru, PER, 2005, 1.03
Peru, PER, 2006, 1.07
Philippines, PHL, 2001, 1.1
Philippines, PHL, 2002, 1.3
Philippines, PHL, 2003, 1.28
Philippines, PHL, 2004, 1.28
Philippines, PHL, 2005, 1.23
Philippines, PHL, 2006, 1.25
Philippines, PHL, 2008, 1.24
Philippines, PHL, 2009, 1.23
Philippines, PHL, 2010, 1.25
Philippines, PHL, 2011, 1.24
Philippines, PHL, 2012, 1.23
Philippines, PHL, 2013, 1.26
Philippines, PHL, 2014, 1.28
Philippines, PHL, 2017, 1.32
Poland, POL, 2000, 1.41
Poland, POL, 2001, 1.44
Poland, POL, 2002, 1.43
Poland, POL, 2003, 1.43
Poland, POL, 2004, 1.41
Poland, POL, 2005, 1.41
Poland, POL, 2006, 1.41
Poland, POL, 2007, 1.41
Poland, POL, 2008, 1.42
Poland, POL, 2009, 1.44
Poland, POL, 2010, 1.52
Poland, POL, 2011, 1.57
Poland, POL, 2012, 1.57
Poland, POL, 2013, 1.57
Poland, POL, 2014, 1.54
Poland, POL, 2015, 1.52
Poland, POL, 2016, 1.51
Portugal, PRT, 2000, 1.34
Portugal, PRT, 2001, 1.37
Portugal, PRT, 2002, 1.37
Portugal, PRT, 2003, 1.35
Portugal, PRT, 2004, 1.33
Portugal, PRT, 2005, 1.31
Portugal, PRT, 2006, 1.28
Portugal, PRT, 2007, 1.22
Portugal, PRT, 2008, 1.19
Portugal, PRT, 2009, 1.18
Portugal, PRT, 2010, 1.18
Portugal, PRT, 2011, 1.19
Portugal, PRT, 2012, 1.18
Portugal, PRT, 2013, 1.15
Portugal, PRT, 2014, 1.16
Portugal, PRT, 2015, 1.13
Portugal, PRT, 2016, 1.12
Puerto Rico, PRI, 2007, 1.6
Puerto Rico, PRI, 2008, 1.56
Puerto Rico, PRI, 2009, 1.56
Puerto Rico, PRI, 2010, 1.48
Puerto Rico, PRI, 2011, 1.45
Puerto Rico, PRI, 2012, 1.43
Puerto Rico, PRI, 2013, 1.43
Puerto Rico, PRI, 2014, 1.41
Puerto Rico, PRI, 2015, 1.41
Qatar, QAT, 2001, 3.4
Qatar, QAT, 2002, 3.8
Qatar, QAT, 2003, 4.13
Qatar, QAT, 2004, 3.99
Qatar, QAT, 2005, 3.52
Qatar, QAT, 2006, 3.46
Qatar, QAT, 2007, 4.26
Qatar, QAT, 2008, 4.74
Qatar, QAT, 2009, 5.37
Qatar, QAT, 2010, 5.32
Qatar, QAT, 2011, 5.38
Qatar, QAT, 2012, 5.99
Qatar, QAT, 2013, 5.94
Qatar, QAT, 2014, 6.36
Qatar, QAT, 2015, 6.95
Qatar, QAT, 2016, 7.37
Republic of the Congo, COG, 2000, 0.31
Republic of the Congo, COG, 2001, 0.14
Republic of the Congo, COG, 2002, 0.19
Republic of the Congo, COG, 2003, 0.4
Republic of the Congo, COG, 2009, 0.21
Republic of the Congo, COG, 2011, 0.58
Republic of the Congo, COG, 2012, 0.63
Republic of the Congo, COG, 2013, 0.75
Romania, ROU, 2000, 1.13
Romania, ROU, 2001, 1.21
Romania, ROU, 2002, 1.25
Romania, ROU, 2003, 1.25
Romania, ROU, 2004, 1.27
Romania, ROU, 2005, 1.26
Romania, ROU, 2006, 1.3
Romania, ROU, 2007, 1.34
Romania, ROU, 2008, 1.36
Romania, ROU, 2009, 1.36
Romania, ROU, 2010, 1.37
Romania, ROU, 2011, 1.35
Romania, ROU, 2012, 1.26
Romania, ROU, 2013, 1.24
Romania, ROU, 2014, 1.24
Romania, ROU, 2015, 1.23
Romania, ROU, 2016, 1.24
Russia, RUS, 2001, 1.3
Russia, RUS, 2002, 1.35
Russia, RUS, 2003, 1.31
Russia, RUS, 2004, 1.37
Russia, RUS, 2005, 1.37
Russia, RUS, 2006, 1.37
Russia, RUS, 2007, 1.36
Russia, RUS, 2008, 1.36
Russia, RUS, 2009, 1.35
Russia, RUS, 2011, 1.34
Russia, RUS, 2012, 1.27
Russia, RUS, 2013, 1.24
Russia, RUS, 2014, 1.2
Russia, RUS, 2015, 1.21
Russia, RUS, 2016, 1.2
Rwanda, RWA, 2001, 0.47
Rwanda, RWA, 2002, 0.47
Rwanda, RWA, 2003, 0.52
Rwanda, RWA, 2004, 0.57
Rwanda, RWA, 2009, 0.77
Rwanda, RWA, 2010, 0.78
Rwanda, RWA, 2011, 0.75
Rwanda, RWA, 2012, 0.81
Rwanda, RWA, 2013, 0.79
Rwanda, RWA, 2014, 0.83
Rwanda, RWA, 2015, 0.78
Rwanda, RWA, 2016, 0.76
Saint Lucia, LCA, 2004, 3.38
Saint Lucia, LCA, 2005, 2.72
Saint Lucia, LCA, 2006, 5.31
Saint Lucia, LCA, 2007, 2.33
Saint Lucia, LCA, 2008, 2.24
Saint Lucia, LCA, 2009, 2.57
Saint Lucia, LCA, 2010, 2.58
Saint Lucia, LCA, 2011, 1.74
Saint Lucia, LCA, 2012, 2.18
Saint Lucia, LCA, 2013, 2
Saint Lucia, LCA, 2014, 2.09
Saint Lucia, LCA, 2015, 1.9
Saint Lucia, LCA, 2016, 1.95
Samoa, WSM, 2000, 0.92
San Marino, SMR, 2010, 1.46
San Marino, SMR, 2011, 1.49
San Marino, SMR, 2012, 1.38
Sao Tome and Principe, STP, 2009, 0.92
Sao Tome and Principe, STP, 2010, 0.97
Sao Tome and Principe, STP, 2012, 0.86
Sao Tome and Principe, STP, 2014, 0.87
Sao Tome and Principe, STP, 2015, 1.03
Saudi Arabia, SAU, 2000, 1.29
Saudi Arabia, SAU, 2001, 1.23
Saudi Arabia, SAU, 2002, 1.32
Saudi Arabia, SAU, 2003, 1.49
Saudi Arabia, SAU, 2004, 1.53
Saudi Arabia, SAU, 2005, 1.48
Saudi Arabia, SAU, 2006, 1.45
Saudi Arabia, SAU, 2007, 1.28
Saudi Arabia, SAU, 2008, 1.28
Saudi Arabia, SAU, 2009, 1.27
Saudi Arabia, SAU, 2010, 1.15
Saudi Arabia, SAU, 2011, 1.09
Saudi Arabia, SAU, 2012, 1.01
Saudi Arabia, SAU, 2013, 0.96
Saudi Arabia, SAU, 2014, 0.99
Saudi Arabia, SAU, 2015, 1.01
Saudi Arabia, SAU, 2016, 1
Senegal, SEN, 2006, 0.46
Senegal, SEN, 2007, 0.53
Senegal, SEN, 2008, 0.54
Senegal, SEN, 2009, 0.58
Senegal, SEN, 2010, 0.59
Senegal, SEN, 2011, 0.59
Senegal, SEN, 2012, 0.59
Senegal, SEN, 2013, 0.59
Senegal, SEN, 2014, 0.6
Senegal, SEN, 2015, 0.6
Senegal, SEN, 2016, 0.6
Serbia, SRB, 2001, 1.21
Serbia, SRB, 2002, 1.24
Serbia, SRB, 2003, 1.31
Serbia, SRB, 2004, 1.32
Serbia, SRB, 2005, 1.3
Serbia, SRB, 2006, 1.29
Serbia, SRB, 2007, 1.29
Serbia, SRB, 2008, 1.3
Serbia, SRB, 2009, 1.29
Serbia, SRB, 2010, 1.3
Serbia, SRB, 2011, 1.32
Serbia, SRB, 2012, 1.32
Serbia, SRB, 2013, 1.33
Serbia, SRB, 2014, 1.31
Serbia, SRB, 2015, 1.33
Serbia, SRB, 2016, 1.31
Seychelles, SYC, 2011, 3.32
Seychelles, SYC, 2012, 3.42
Seychelles, SYC, 2013, 2.25
Seychelles, SYC, 2014, 2.58
Seychelles, SYC, 2015, 2.16
Seychelles, SYC, 2016, 1.85
Sierra Leone, SLE, 2000, 0.81
Sierra Leone, SLE, 2001, 0.4
Sierra Leone, SLE, 2002, 0.4
Slovakia, SVK, 2000, 1.06
Slovakia, SVK, 2001, 1.1
Slovakia, SVK, 2002, 1.13
Slovakia, SVK, 2003, 1.18
Slovakia, SVK, 2004, 1.23
Slovakia, SVK, 2005, 1.29
Slovakia, SVK, 2006, 1.42
Slovakia, SVK, 2007, 1.49
Slovakia, SVK, 2008, 1.58
Slovakia, SVK, 2009, 1.59
Slovakia, SVK, 2010, 1.55
Slovakia, SVK, 2011, 1.54
Slovakia, SVK, 2012, 1.54
Slovakia, SVK, 2013, 1.54
Slovakia, SVK, 2014, 1.55
Slovenia, SVN, 2000, 1.37
Slovenia, SVN, 2001, 1.37
Slovenia, SVN, 2002, 1.44
Slovenia, SVN, 2003, 1.35
Slovenia, SVN, 2004, 1.38
Slovenia, SVN, 2005, 1.42
Slovenia, SVN, 2006, 1.46
Slovenia, SVN, 2007, 1.47
Slovenia, SVN, 2008, 1.47
Slovenia, SVN, 2009, 1.48
Slovenia, SVN, 2010, 1.49
Slovenia, SVN, 2011, 1.67
Slovenia, SVN, 2012, 1.47
Slovenia, SVN, 2013, 1.45
Slovenia, SVN, 2014, 1.45
Slovenia, SVN, 2015, 1.47
South Africa, ZAF, 2012, 1.41
South Africa, ZAF, 2013, 1.41
South Africa, ZAF, 2014, 1.41
South Korea, KOR, 2000, 0.58
South Korea, KOR, 2001, 0.59
South Korea, KOR, 2002, 0.61
South Korea, KOR, 2003, 0.61
South Korea, KOR, 2004, 0.63
South Korea, KOR, 2005, 0.64
South Korea, KOR, 2006, 0.66
South Korea, KOR, 2007, 0.69
South Korea, KOR, 2008, 0.71
South Korea, KOR, 2009, 0.73
South Korea, KOR, 2010, 0.74
South Korea, KOR, 2011, 0.75
South Korea, KOR, 2012, 0.75
South Korea, KOR, 2013, 0.76
South Korea, KOR, 2014, 0.76
South Korea, KOR, 2015, 0.77
Spain, ESP, 2000, 1.18
Spain, ESP, 2001, 1.16
Spain, ESP, 2002, 1.2
Spain, ESP, 2003, 1.2
Spain, ESP, 2004, 1.23
Spain, ESP, 2005, 1.23
Spain, ESP, 2006, 1.23
Spain, ESP, 2007, 1.24
Spain, ESP, 2008, 1.25
Spain, ESP, 2009, 1.25
Spain, ESP, 2010, 1.24
Spain, ESP, 2011, 1.23
Spain, ESP, 2012, 1.21
Spain, ESP, 2013, 1.21
Spain, ESP, 2014, 1.19
Spain, ESP, 2015, 1.18
Spain, ESP, 2016, 1.19
Sri Lanka, LKA, 2010, 1.79
Sri Lanka, LKA, 2011, 1.7
Sri Lanka, LKA, 2012, 1.6
Sri Lanka, LKA, 2013, 1.55
Sri Lanka, LKA, 2014, 1.29
Sri Lanka, LKA, 2015, 1.54
Sri Lanka, LKA, 2016, 1.55
Sudan, SDN, 2000, 1.23
Sudan, SDN, 2001, 1.16
Sudan, SDN, 2002, 1.18
Sudan, SDN, 2003, 1.16
Sudan, SDN, 2004, 1.13
Sudan, SDN, 2005, 1.13
Sudan, SDN, 2006, 1.19
Sudan, SDN, 2007, 1.19
Sudan, SDN, 2008, 1.09
Sudan, SDN, 2009, 1.13
Sudan, SDN, 2010, 1.17
Sudan, SDN, 2011, 1.05
Sudan, SDN, 2012, 1.13
Sudan, SDN, 2013, 1.12
Sudan, SDN, 2014, 1.06
Suriname, SUR, 2002, 1.65
Swaziland, SWZ, 2000, 0.9
Swaziland, SWZ, 2002, 1.15
Swaziland, SWZ, 2004, 1.07
Swaziland, SWZ, 2005, 1.06
Swaziland, SWZ, 2006, 0.98
Swaziland, SWZ, 2011, 1.03
Swaziland, SWZ, 2013, 1.04
Sweden, SWE, 2000, 1.45
Sweden, SWE, 2001, 1.5
Sweden, SWE, 2002, 1.53
Sweden, SWE, 2003, 1.54
Sweden, SWE, 2004, 1.54
Sweden, SWE, 2005, 1.54
Sweden, SWE, 2006, 1.54
Sweden, SWE, 2007, 1.57
Sweden, SWE, 2008, 1.59
Sweden, SWE, 2009, 1.58
Sweden, SWE, 2010, 1.53
Sweden, SWE, 2011, 1.51
Sweden, SWE, 2012, 1.55
Sweden, SWE, 2013, 1.55
Sweden, SWE, 2014, 1.54
Sweden, SWE, 2015, 1.53
Switzerland, CHE, 2000, 0.75
Switzerland, CHE, 2001, 0.75
Switzerland, CHE, 2002, 0.78
Switzerland, CHE, 2003, 0.81
Switzerland, CHE, 2004, 0.83
Switzerland, CHE, 2005, 0.87
Switzerland, CHE, 2006, 0.9
Switzerland, CHE, 2007, 0.92
Switzerland, CHE, 2008, 0.99
Switzerland, CHE, 2009, 1.01
Switzerland, CHE, 2010, 0.99
Switzerland, CHE, 2011, 0.99
Switzerland, CHE, 2012, 1
Switzerland, CHE, 2013, 1.01
Switzerland, CHE, 2014, 1.02
Switzerland, CHE, 2015, 1.03
Switzerland, CHE, 2016, 1.02
Syria, SYR, 2002, 0.86
Syria, SYR, 2003, 0.89
Syria, SYR, 2004, 0.85
Syria, SYR, 2005, 0.9
Syria, SYR, 2006, 0.92
Syria, SYR, 2007, 0.87
Syria, SYR, 2008, 0.9
Syria, SYR, 2009, 0.92
Syria, SYR, 2010, 0.86
Syria, SYR, 2011, 0.99
Syria, SYR, 2012, 0.99
Syria, SYR, 2013, 1.01
Syria, SYR, 2014, 1.05
Syria, SYR, 2015, 1.14
Syria, SYR, 2016, 1.19
Tajikistan, TJK, 2000, 0.45
Tajikistan, TJK, 2001, 0.41
Tajikistan, TJK, 2002, 0.43
Tajikistan, TJK, 2003, 0.44
Tajikistan, TJK, 2004, 0.45
Tajikistan, TJK, 2005, 0.48
Tajikistan, TJK, 2006, 0.49
Tajikistan, TJK, 2007, 0.5
Tajikistan, TJK, 2008, 0.51
Tajikistan, TJK, 2009, 0.53
Tajikistan, TJK, 2010, 0.53
Tajikistan, TJK, 2011, 0.52
Tajikistan, TJK, 2012, 0.52
Tajikistan, TJK, 2013, 0.56
Tajikistan, TJK, 2014, 0.61
Tajikistan, TJK, 2015, 0.67
Tajikistan, TJK, 2016, 0.71
Tajikistan, TJK, 2017, 0.75
Tanzania, TZA, 2000, 0.3
Tanzania, TZA, 2001, 0.31
Tanzania, TZA, 2002, 0.33
Tanzania, TZA, 2003, 0.44
Tanzania, TZA, 2004, 0.4
Tanzania, TZA, 2005, 0.47
Tanzania, TZA, 2007, 0.46
Tanzania, TZA, 2010, 0.78
Tanzania, TZA, 2012, 0.52
Tanzania, TZA, 2013, 0.51
Tanzania, TZA, 2015, 0.51
Thailand, THA, 2000, 1.21
Thailand, THA, 2001, 1.15
Thailand, THA, 2002, 1.12
Thailand, THA, 2003, 1.15
Thailand, THA, 2004, 1.19
Thailand, THA, 2005, 1.12
Thailand, THA, 2006, 1.06
Thailand, THA, 2007, 1.22
Thailand, THA, 2008, 1.19
Thailand, THA, 2009, 1.2
Thailand, THA, 2010, 1.28
Thailand, THA, 2011, 1.27
Thailand, THA, 2012, 1.32
Thailand, THA, 2013, 1.36
Thailand, THA, 2014, 1.35
Thailand, THA, 2015, 1.44
Togo, TGO, 2012, 0.27
Togo, TGO, 2014, 0.42
Togo, TGO, 2015, 0.43
Togo, TGO, 2016, 0.43
Tonga, TON, 2002, 1.68
Tonga, TON, 2003, 1.66
Trinidad and Tobago, TTO, 2000, 1.49
Trinidad and Tobago, TTO, 2001, 1.53
Trinidad and Tobago, TTO, 2002, 1.49
Trinidad and Tobago, TTO, 2003, 1.59
Trinidad and Tobago, TTO, 2004, 1.26
Tunisia, TUN, 2000, 1.03
Tunisia, TUN, 2001, 1.09
Tunisia, TUN, 2002, 1.17
Tunisia, TUN, 2003, 1.23
Tunisia, TUN, 2004, 1.3
Tunisia, TUN, 2005, 1.23
Tunisia, TUN, 2006, 1.4
Tunisia, TUN, 2007, 1.45
Tunisia, TUN, 2008, 1.46
Tunisia, TUN, 2009, 1.49
Tunisia, TUN, 2010, 1.53
Tunisia, TUN, 2011, 1.61
Tunisia, TUN, 2012, 1.56
Tunisia, TUN, 2013, 1.59
Tunisia, TUN, 2014, 1.63
Tunisia, TUN, 2015, 1.64
Tunisia, TUN, 2016, 1.71
Turkey, TUR, 2001, 0.7
Turkey, TUR, 2002, 0.71
Turkey, TUR, 2003, 0.74
Turkey, TUR, 2004, 0.72
Turkey, TUR, 2005, 0.73
Turkey, TUR, 2006, 0.75
Turkey, TUR, 2007, 0.75
Turkey, TUR, 2008, 0.77
Turkey, TUR, 2009, 0.79
Turkey, TUR, 2010, 0.81
Turkey, TUR, 2011, 0.84
Turkey, TUR, 2012, 0.85
Turkey, TUR, 2013, 0.86
Turkey, TUR, 2014, 0.87
Turkey, TUR, 2015, 0.87
Turkmenistan, TKM, 2014, 0.64
Uganda, UGA, 2000, 0.51
Uganda, UGA, 2001, 0.53
Uganda, UGA, 2002, 0.62
Uganda, UGA, 2003, 0.6
Uganda, UGA, 2004, 0.62
Uganda, UGA, 2006, 0.76
Uganda, UGA, 2008, 0.8
Uganda, UGA, 2009, 0.8
Uganda, UGA, 2010, 0.79
Uganda, UGA, 2011, 0.78
Uganda, UGA, 2012, 0.73
Uganda, UGA, 2014, 0.78
Ukraine, URK, 2000, 1.13
Ukraine, URK, 2001, 1.16
Ukraine, URK, 2002, 1.19
Ukraine, URK, 2003, 1.21
Ukraine, URK, 2004, 1.23
Ukraine, URK, 2005, 1.24
Ukraine, URK, 2006, 1.24
Ukraine, URK, 2007, 1.25
Ukraine, URK, 2008, 1.25
Ukraine, URK, 2009, 1.27
Ukraine, URK, 2010, 1.26
Ukraine, URK, 2011, 1.18
Ukraine, URK, 2012, 1.15
Ukraine, URK, 2013, 1.19
Ukraine, URK, 2014, 1.15
United Arab Emirates, ARE, 2007, 2.85
United Arab Emirates, ARE, 2008, 2.87
United Arab Emirates, ARE, 2009, 2.87
United Arab Emirates, ARE, 2010, 2.79
United Arab Emirates, ARE, 2011, 2.37
United Arab Emirates, ARE, 2012, 2.45
United Arab Emirates, ARE, 2013, 2.32
United Arab Emirates, ARE, 2014, 2.25
United Arab Emirates, ARE, 2015, 2.14
United Arab Emirates, ARE, 2016, 1.99
United Kingdom, GBR, 2000, 1.18
United Kingdom, GBR, 2001, 1.22
United Kingdom, GBR, 2002, 1.26
United Kingdom, GBR, 2003, 1.3
United Kingdom, GBR, 2004, 1.37
United Kingdom, GBR, 2005, 1.39
United Kingdom, GBR, 2006, 1.41
United Kingdom, GBR, 2007, 1.39
United Kingdom, GBR, 2008, 1.39
United Kingdom, GBR, 2009, 1.37
United Kingdom, GBR, 2010, 1.34
United Kingdom, GBR, 2011, 1.33
United Kingdom, GBR, 2012, 1.33
United Kingdom, GBR, 2013, 1.32
United Kingdom, GBR, 2014, 1.32
United Kingdom, GBR, 2015, 1.34
Uruguay, URY, 2000, 1.76
Uruguay, URY, 2001, 1.81
Uruguay, URY, 2002, 1.95
Uruguay, URY, 2003, 2.03
Uruguay, URY, 2004, 2.02
Uruguay, URY, 2005, 1.74
Uruguay, URY, 2006, 1.68
Uzbekistan, UZB, 2000, 0.84
Uzbekistan, UZB, 2001, 0.81
Uzbekistan, UZB, 2002, 0.8
Uzbekistan, UZB, 2003, 0.77
Uzbekistan, UZB, 2004, 0.78
Uzbekistan, UZB, 2005, 0.69
Uzbekistan, UZB, 2006, 0.7
Uzbekistan, UZB, 2007, 0.7
Uzbekistan, UZB, 2008, 0.67
Uzbekistan, UZB, 2009, 0.69
Uzbekistan, UZB, 2010, 0.68
Uzbekistan, UZB, 2011, 0.64
Uzbekistan, UZB, 2012, 0.6
Uzbekistan, UZB, 2013, 0.6
Uzbekistan, UZB, 2014, 0.62
Uzbekistan, UZB, 2015, 0.63
Uzbekistan, UZB, 2016, 0.65
Uzbekistan, UZB, 2017, 0.61
Vanuatu, VUT, 2002, 0.57
Vanuatu, VUT, 2003, 0.59
Vanuatu, VUT, 2004, 0.59
Venezuela, VEN, 2000, 1.46
Venezuela, VEN, 2002, 1.09
Venezuela, VEN, 2003, 1.07
Venezuela, VEN, 2008, 1.69
Vietnam, VNM, 2000, 0.73
Vietnam, VNM, 2001, 0.74
Vietnam, VNM, 2002, 0.77
Vietnam, VNM, 2003, 0.77
Vietnam, VNM, 2005, 0.71
Vietnam, VNM, 2006, 0.96
Vietnam, VNM, 2007, 1
Vietnam, VNM, 2008, 0.98
Vietnam, VNM, 2009, 0.99
Vietnam, VNM, 2010, 1
Vietnam, VNM, 2011, 1.01
Vietnam, VNM, 2013, 0.9
Vietnam, VNM, 2014, 1.05
Vietnam, VNM, 2015, 1
Vietnam, VNM, 2016, 1.24
Yemen, YEM, 2002, 0.34
Yemen, YEM, 2003, 0.35
Yemen, YEM, 2004, 0.37
Yemen, YEM, 2005, 0.36
Yemen, YEM, 2006, 0.38
Yemen, YEM, 2007, 0.41
Yemen, YEM, 2008, 0.43
Yemen, YEM, 2010, 0.44
Yemen, YEM, 2011, 0.44
Zambia, ZMB, 2011, 0.38
Zambia, ZMB, 2012, 0.76
Zimbabwe, ZWE, 2010, 0.79
Zimbabwe, ZWE, 2011, 0.76
Zimbabwe, ZWE, 2012, 0.77
Zimbabwe, ZWE, 2013, 0.84
Zimbabwe, ZWE, 2015, 0.9
