Country, Code, Year, Corruption perceptions - Transparency International, Rule of law
Afghanistan, AFG, 2003, , -1.55
Afghanistan, AFG, 2004, , -1.7
Afghanistan, AFG, 2005, , -1.66
Afghanistan, AFG, 2006, , -1.86
Afghanistan, AFG, 2007, , -1.83
Afghanistan, AFG, 2008, , -1.86
Afghanistan, AFG, 2009, , -1.85
Afghanistan, AFG, 2010, , -1.85
Afghanistan, AFG, 2011, , -1.9
Afghanistan, AFG, 2012, 8, -1.64
Afghanistan, AFG, 2013, 8, -1.6
Afghanistan, AFG, 2014, 12, -1.45
Afghanistan, AFG, 2015, 11, -1.5
Albania, ALB, 2003, 25, -0.72
Albania, ALB, 2004, 25, -0.69
Albania, ALB, 2005, 24, -0.74
Albania, ALB, 2006, 26, -0.68
Albania, ALB, 2007, 29, -0.65
Albania, ALB, 2008, 34, -0.59
Albania, ALB, 2009, 32, -0.5
Albania, ALB, 2010, 33, -0.41
Albania, ALB, 2011, 31, -0.46
Albania, ALB, 2012, 33, -0.52
Albania, ALB, 2013, 31, -0.52
Albania, ALB, 2014, 33, -0.34
Albania, ALB, 2015, 36, -0.33
Algeria, DZA, 2003, 26, -0.59
Algeria, DZA, 2004, 27, -0.62
Algeria, DZA, 2005, 28, -0.75
Algeria, DZA, 2006, 31, -0.71
Algeria, DZA, 2007, 30, -0.77
Algeria, DZA, 2008, 32, -0.74
Algeria, DZA, 2009, 28, -0.79
Algeria, DZA, 2010, 29, -0.78
Algeria, DZA, 2011, 29, -0.81
Algeria, DZA, 2012, 34, -0.77
Algeria, DZA, 2013, 36, -0.69
Algeria, DZA, 2014, 36, -0.77
Algeria, DZA, 2015, 36, -0.87
Andorra, AND, 2003, , 1.09
Andorra, AND, 2004, , 1.21
Andorra, AND, 2005, , 0.98
Andorra, AND, 2006, , 0.87
Andorra, AND, 2007, , 1.18
Andorra, AND, 2008, , 1.2
Andorra, AND, 2009, , 1.22
Andorra, AND, 2010, , 1.2
Andorra, AND, 2011, , 1.41
Andorra, AND, 2012, , 1.41
Andorra, AND, 2013, , 1.41
Andorra, AND, 2014, , 1.64
Andorra, AND, 2015, , 1.58
Angola, AGO, 2003, 18, -1.52
Angola, AGO, 2004, 20, -1.5
Angola, AGO, 2005, 20, -1.43
Angola, AGO, 2006, 22, -1.3
Angola, AGO, 2007, 22, -1.37
Angola, AGO, 2008, 19, -1.37
Angola, AGO, 2009, 19, -1.23
Angola, AGO, 2010, 19, -1.27
Angola, AGO, 2011, 20, -1.27
Angola, AGO, 2012, 22, -1.27
Angola, AGO, 2013, 23, -1.27
Angola, AGO, 2014, 19, -1.12
Angola, AGO, 2015, 15, -1.08
Antigua and Barbuda, ATG, 2003, , 1.07
Antigua and Barbuda, ATG, 2004, , 0.92
Antigua and Barbuda, ATG, 2005, , 0.67
Antigua and Barbuda, ATG, 2006, , 0.93
Antigua and Barbuda, ATG, 2007, , 0.91
Antigua and Barbuda, ATG, 2008, , 0.95
Antigua and Barbuda, ATG, 2009, , 0.98
Antigua and Barbuda, ATG, 2010, , 0.96
Antigua and Barbuda, ATG, 2011, , 0.95
Antigua and Barbuda, ATG, 2012, , 0.95
Antigua and Barbuda, ATG, 2013, , 0.84
Antigua and Barbuda, ATG, 2014, , -0.18
Antigua and Barbuda, ATG, 2015, , 0.59
Argentina, ARG, 2003, 25, -0.77
Argentina, ARG, 2004, 25, -0.81
Argentina, ARG, 2005, 28, -0.55
Argentina, ARG, 2006, 29, -0.57
Argentina, ARG, 2007, 29, -0.59
Argentina, ARG, 2008, 29, -0.68
Argentina, ARG, 2009, 29, -0.68
Argentina, ARG, 2010, 29, -0.59
Argentina, ARG, 2011, 30, -0.56
Argentina, ARG, 2012, 35, -0.68
Argentina, ARG, 2013, 34, -0.71
Argentina, ARG, 2014, 34, -0.89
Argentina, ARG, 2015, 32, -0.77
Armenia, ARM, 2003, 30, -0.3
Armenia, ARM, 2004, 31, -0.42
Armenia, ARM, 2005, 29, -0.4
Armenia, ARM, 2006, 29, -0.55
Armenia, ARM, 2007, 30, -0.5
Armenia, ARM, 2008, 29, -0.34
Armenia, ARM, 2009, 27, -0.48
Armenia, ARM, 2010, 26, -0.49
Armenia, ARM, 2011, 26, -0.44
Armenia, ARM, 2012, 34, -0.42
Armenia, ARM, 2013, 36, -0.34
Armenia, ARM, 2014, 37, -0.37
Armenia, ARM, 2015, 35, -0.39
Aruba, ABW, 2004, , 0.93
Aruba, ABW, 2005, , 0.86
Aruba, ABW, 2006, , 0.82
Aruba, ABW, 2007, , 0.84
Aruba, ABW, 2008, , 0.86
Aruba, ABW, 2009, , 1.43
Aruba, ABW, 2010, , 1.42
Aruba, ABW, 2011, , 1.33
Aruba, ABW, 2012, , 1.32
Aruba, ABW, 2013, , 1.3
Aruba, ABW, 2014, , 1.04
Aruba, ABW, 2015, , 1.26
Australia, AUS, 2003, 88, 1.88
Australia, AUS, 2004, 88, 1.82
Australia, AUS, 2005, 88, 1.72
Australia, AUS, 2006, 87, 1.77
Australia, AUS, 2007, 86, 1.76
Australia, AUS, 2008, 87, 1.77
Australia, AUS, 2009, 87, 1.74
Australia, AUS, 2010, 87, 1.76
Australia, AUS, 2011, 88, 1.74
Australia, AUS, 2012, 85, 1.77
Australia, AUS, 2013, 81, 1.78
Australia, AUS, 2014, 80, 1.92
Australia, AUS, 2015, 79, 1.83
Austria, AUT, 2003, 80, 1.89
Austria, AUT, 2004, 84, 1.84
Austria, AUT, 2005, 87, 1.86
Austria, AUT, 2006, 86, 1.91
Austria, AUT, 2007, 81, 1.96
Austria, AUT, 2008, 81, 1.92
Austria, AUT, 2009, 79, 1.78
Austria, AUT, 2010, 79, 1.8
Austria, AUT, 2011, 78, 1.8
Austria, AUT, 2012, 69, 1.86
Austria, AUT, 2013, 69, 1.85
Austria, AUT, 2014, 72, 1.95
Austria, AUT, 2015, 76, 1.86
Azerbaijan, AZE, 2003, 18, -0.84
Azerbaijan, AZE, 2004, 19, -0.87
Azerbaijan, AZE, 2005, 22, -0.79
Azerbaijan, AZE, 2006, 24, -0.89
Azerbaijan, AZE, 2007, 21, -0.88
Azerbaijan, AZE, 2008, 19, -0.83
Azerbaijan, AZE, 2009, 23, -0.88
Azerbaijan, AZE, 2010, 24, -0.89
Azerbaijan, AZE, 2011, 24, -0.89
Azerbaijan, AZE, 2012, 27, -0.83
Azerbaijan, AZE, 2013, 28, -0.72
Azerbaijan, AZE, 2014, 29, -0.67
Azerbaijan, AZE, 2015, 29, -0.67
Bahamas, BHS, 2003, , 1.45
Bahamas, BHS, 2004, , 1.4
Bahamas, BHS, 2005, , 1.38
Bahamas, BHS, 2006, , 1.09
Bahamas, BHS, 2007, , 1.27
Bahamas, BHS, 2008, , 1.2
Bahamas, BHS, 2009, , 0.8
Bahamas, BHS, 2010, , 0.72
Bahamas, BHS, 2011, , 0.62
Bahamas, BHS, 2012, 71, 0.62
Bahamas, BHS, 2013, 71, 0.64
Bahamas, BHS, 2014, 71, 0.67
Bahamas, BHS, 2015, , 0.6
Bahrain, BHR, 2003, 61, 0.62
Bahrain, BHR, 2004, 58, 0.71
Bahrain, BHR, 2005, 58, 0.61
Bahrain, BHR, 2006, 57, 0.38
Bahrain, BHR, 2007, 50, 0.53
Bahrain, BHR, 2008, 54, 0.53
Bahrain, BHR, 2009, 51, 0.52
Bahrain, BHR, 2010, 49, 0.44
Bahrain, BHR, 2011, 51, 0.35
Bahrain, BHR, 2012, 51, 0.26
Bahrain, BHR, 2013, 48, 0.33
Bahrain, BHR, 2014, 49, 0.41
Bahrain, BHR, 2015, 51, 0.43
Bangladesh, BGD, 2003, 13, -1.05
Bangladesh, BGD, 2004, 15, -1.02
Bangladesh, BGD, 2005, 17, -0.98
Bangladesh, BGD, 2006, 20, -0.9
Bangladesh, BGD, 2007, 20, -0.83
Bangladesh, BGD, 2008, 21, -0.75
Bangladesh, BGD, 2009, 24, -0.79
Bangladesh, BGD, 2010, 24, -0.8
Bangladesh, BGD, 2011, 27, -0.73
Bangladesh, BGD, 2012, 26, -0.93
Bangladesh, BGD, 2013, 27, -0.87
Bangladesh, BGD, 2014, 25, -0.78
Bangladesh, BGD, 2015, 25, -0.75
Barbados, BRB, 2003, , 1.56
Barbados, BRB, 2004, , 1.44
Barbados, BRB, 2005, 69, 1.35
Barbados, BRB, 2006, 67, 1.24
Barbados, BRB, 2007, 69, 1.33
Barbados, BRB, 2008, 70, 1.31
Barbados, BRB, 2009, 74, 1.01
Barbados, BRB, 2010, 78, 1.08
Barbados, BRB, 2011, 78, 1.08
Barbados, BRB, 2012, 76, 1.03
Barbados, BRB, 2013, 75, 1.05
Barbados, BRB, 2014, 74, 1.08
Barbados, BRB, 2015, , 1.1
Belarus, BLR, 2003, , -1.19
Belarus, BLR, 2004, , -1.26
Belarus, BLR, 2005, 26, -1.23
Belarus, BLR, 2006, 21, -1.33
Belarus, BLR, 2007, 21, -1.21
Belarus, BLR, 2008, 20, -1.06
Belarus, BLR, 2009, 24, -1.03
Belarus, BLR, 2010, 25, -1.07
Belarus, BLR, 2011, 24, -1.11
Belarus, BLR, 2012, 31, -0.94
Belarus, BLR, 2013, 29, -0.9
Belarus, BLR, 2014, 31, -0.84
Belarus, BLR, 2015, 32, -0.81
Belgium, BEL, 2003, 76, 1.37
Belgium, BEL, 2004, 75, 1.33
Belgium, BEL, 2005, 74, 1.27
Belgium, BEL, 2006, 73, 1.24
Belgium, BEL, 2007, 71, 1.33
Belgium, BEL, 2008, 73, 1.35
Belgium, BEL, 2009, 71, 1.38
Belgium, BEL, 2010, 71, 1.39
Belgium, BEL, 2011, 75, 1.42
Belgium, BEL, 2012, 75, 1.43
Belgium, BEL, 2013, 75, 1.44
Belgium, BEL, 2014, 76, 1.52
Belgium, BEL, 2015, 77, 1.46
Belize, BLZ, 2003, 45, 0.1
Belize, BLZ, 2004, 38, -0.19
Belize, BLZ, 2005, 37, -0.16
Belize, BLZ, 2006, 35, -0.04
Belize, BLZ, 2007, 30, -0.11
Belize, BLZ, 2008, 29, -0.21
Belize, BLZ, 2009, , -0.37
Belize, BLZ, 2010, , -0.34
Belize, BLZ, 2011, , -0.49
Belize, BLZ, 2012, , -0.46
Belize, BLZ, 2013, , -0.47
Belize, BLZ, 2014, , -0.75
Belize, BLZ, 2015, , -0.72
Benin, BEN, 2003, , -0.38
Benin, BEN, 2004, 32, -0.51
Benin, BEN, 2005, 29, -0.54
Benin, BEN, 2006, 25, -0.53
Benin, BEN, 2007, 27, -0.52
Benin, BEN, 2008, 31, -0.53
Benin, BEN, 2009, 29, -0.65
Benin, BEN, 2010, 28, -0.67
Benin, BEN, 2011, 30, -0.66
Benin, BEN, 2012, 36, -0.59
Benin, BEN, 2013, 36, -0.57
Benin, BEN, 2014, 39, -0.49
Benin, BEN, 2015, 37, -0.54
Bermuda, BMU, 2003, , 1.26
Bermuda, BMU, 2004, , 1.11
Bermuda, BMU, 2005, , 0.86
Bermuda, BMU, 2006, , 0.82
Bermuda, BMU, 2007, , 0.84
Bermuda, BMU, 2008, , 0.86
Bermuda, BMU, 2009, , 0.86
Bermuda, BMU, 2010, , 1.12
Bermuda, BMU, 2011, , 1.1
Bermuda, BMU, 2012, , 1.1
Bermuda, BMU, 2013, , 1.11
Bermuda, BMU, 2014, , 0.02
Bermuda, BMU, 2015, , 0.88
Bhutan, BTN, 2003, , 0.21
Bhutan, BTN, 2004, , 0.34
Bhutan, BTN, 2005, 50, 0.31
Bhutan, BTN, 2006, 52, 0.19
Bhutan, BTN, 2007, 50, 0.34
Bhutan, BTN, 2008, 57, 0.38
Bhutan, BTN, 2009, 57, 0.21
Bhutan, BTN, 2010, , 0.16
Bhutan, BTN, 2011, , 0.2
Bhutan, BTN, 2012, 63, 0.24
Bhutan, BTN, 2013, 63, 0.29
Bhutan, BTN, 2014, 65, 0.38
Bhutan, BTN, 2015, 65, 0.52
Bolivia, BOL, 2003, 23, -0.45
Bolivia, BOL, 2004, 22, -0.68
Bolivia, BOL, 2005, 25, -0.76
Bolivia, BOL, 2006, 27, -0.85
Bolivia, BOL, 2007, 29, -0.83
Bolivia, BOL, 2008, 30, -0.97
Bolivia, BOL, 2009, 27, -1.11
Bolivia, BOL, 2010, 28, -1.02
Bolivia, BOL, 2011, 28, -0.98
Bolivia, BOL, 2012, 34, -1.02
Bolivia, BOL, 2013, 34, -1.05
Bolivia, BOL, 2014, 35, -1.06
Bolivia, BOL, 2015, 34, -1.14
Bosnia and Herzegovina, BIH, 2003, 33, -0.63
Bosnia and Herzegovina, BIH, 2004, 31, -0.5
Bosnia and Herzegovina, BIH, 2005, 29, -0.52
Bosnia and Herzegovina, BIH, 2006, 29, -0.5
Bosnia and Herzegovina, BIH, 2007, 33, -0.47
Bosnia and Herzegovina, BIH, 2008, 32, -0.41
Bosnia and Herzegovina, BIH, 2009, 30, -0.36
Bosnia and Herzegovina, BIH, 2010, 32, -0.35
Bosnia and Herzegovina, BIH, 2011, 32, -0.33
Bosnia and Herzegovina, BIH, 2012, 42, -0.21
Bosnia and Herzegovina, BIH, 2013, 42, -0.15
Bosnia and Herzegovina, BIH, 2014, 39, -0.19
Bosnia and Herzegovina, BIH, 2015, 38, -0.28
Botswana, BWA, 2003, 57, 0.73
Botswana, BWA, 2004, 60, 0.65
Botswana, BWA, 2005, 59, 0.64
Botswana, BWA, 2006, 56, 0.62
Botswana, BWA, 2007, 54, 0.65
Botswana, BWA, 2008, 58, 0.7
Botswana, BWA, 2009, 56, 0.67
Botswana, BWA, 2010, 58, 0.67
Botswana, BWA, 2011, 51, 0.67
Botswana, BWA, 2012, 65, 0.66
Botswana, BWA, 2013, 64, 0.6
Botswana, BWA, 2014, 63, 0.63
Botswana, BWA, 2015, 63, 0.6
Brazil, BRA, 2003, 39, -0.32
Brazil, BRA, 2004, 39, -0.36
Brazil, BRA, 2005, 37, -0.43
Brazil, BRA, 2006, 33, -0.37
Brazil, BRA, 2007, 35, -0.37
Brazil, BRA, 2008, 35, -0.32
Brazil, BRA, 2009, 37, -0.16
Brazil, BRA, 2010, 37, 0.04
Brazil, BRA, 2011, 38, 0.04
Brazil, BRA, 2012, 43, -0.07
Brazil, BRA, 2013, 42, -0.08
Brazil, BRA, 2014, 43, -0.05
Brazil, BRA, 2015, 38, -0.15
Brunei, BRN, 2003, , 0.59
Brunei, BRN, 2004, , 0.38
Brunei, BRN, 2005, , 0.24
Brunei, BRN, 2006, , 0.12
Brunei, BRN, 2007, , 0.41
Brunei, BRN, 2008, , 0.47
Brunei, BRN, 2009, , 0.79
Brunei, BRN, 2010, , 0.78
Brunei, BRN, 2011, , 0.85
Brunei, BRN, 2012, 55, 0.79
Brunei, BRN, 2013, 60, 0.59
Brunei, BRN, 2014, , 0.47
Brunei, BRN, 2015, , 0.41
Bulgaria, BGR, 2003, 39, -0.14
Bulgaria, BGR, 2004, 41, -0.11
Bulgaria, BGR, 2005, 40, -0.1
Bulgaria, BGR, 2006, 40, -0.09
Bulgaria, BGR, 2007, 41, -0.05
Bulgaria, BGR, 2008, 36, -0.11
Bulgaria, BGR, 2009, 38, -0.04
Bulgaria, BGR, 2010, 36, -0.07
Bulgaria, BGR, 2011, 33, -0.11
Bulgaria, BGR, 2012, 41, -0.09
Bulgaria, BGR, 2013, 41, -0.1
Bulgaria, BGR, 2014, 43, -0.05
Bulgaria, BGR, 2015, 41, -0.1
Burkina Faso, BFA, 2003, , -0.54
Burkina Faso, BFA, 2004, , -0.57
Burkina Faso, BFA, 2005, 34, -0.52
Burkina Faso, BFA, 2006, 32, -0.43
Burkina Faso, BFA, 2007, 29, -0.4
Burkina Faso, BFA, 2008, 35, -0.34
Burkina Faso, BFA, 2009, 36, -0.21
Burkina Faso, BFA, 2010, 31, -0.19
Burkina Faso, BFA, 2011, 30, -0.36
Burkina Faso, BFA, 2012, 38, -0.44
Burkina Faso, BFA, 2013, 38, -0.53
Burkina Faso, BFA, 2014, 38, -0.55
Burkina Faso, BFA, 2015, 38, -0.53
Burma (Myanmar), MMR, 2003, , -1.7
Burma (Myanmar), MMR, 2004, 17, -1.74
Burma (Myanmar), MMR, 2005, 18, -1.73
Burma (Myanmar), MMR, 2006, 19, -1.53
Burma (Myanmar), MMR, 2007, 14, -1.55
Burma (Myanmar), MMR, 2008, 13, -1.54
Burma (Myanmar), MMR, 2009, 14, -1.53
Burma (Myanmar), MMR, 2010, 14, -1.55
Burma (Myanmar), MMR, 2011, 15, -1.44
Burma (Myanmar), MMR, 2012, 15, -1.35
Burma (Myanmar), MMR, 2013, 21, -1.23
Burma (Myanmar), MMR, 2014, 21, -1.19
Burma (Myanmar), MMR, 2015, 22, -1.24
Burundi, BDI, 2003, , -1.4
Burundi, BDI, 2004, , -1.54
Burundi, BDI, 2005, 23, -1.15
Burundi, BDI, 2006, 24, -0.97
Burundi, BDI, 2007, 25, -1.06
Burundi, BDI, 2008, 19, -1.02
Burundi, BDI, 2009, 18, -1.15
Burundi, BDI, 2010, 18, -1.2
Burundi, BDI, 2011, 19, -1.14
Burundi, BDI, 2012, 19, -1.08
Burundi, BDI, 2013, 21, -1.07
Burundi, BDI, 2014, 20, -0.97
Burundi, BDI, 2015, 21, -1.17
Cambodia, KHM, 2003, , -1.25
Cambodia, KHM, 2004, , -1.28
Cambodia, KHM, 2005, 23, -1.23
Cambodia, KHM, 2006, 21, -1.23
Cambodia, KHM, 2007, 20, -1.14
Cambodia, KHM, 2008, 18, -1.15
Cambodia, KHM, 2009, 20, -1.12
Cambodia, KHM, 2010, 21, -1.12
Cambodia, KHM, 2011, 21, -1.05
Cambodia, KHM, 2012, 22, -0.98
Cambodia, KHM, 2013, 20, -1
Cambodia, KHM, 2014, 21, -0.96
Cambodia, KHM, 2015, 21, -0.98
Cameroon, CMR, 2003, 18, -1.08
Cameroon, CMR, 2004, 21, -1.19
Cameroon, CMR, 2005, 22, -1.21
Cameroon, CMR, 2006, 23, -1.15
Cameroon, CMR, 2007, 24, -1.18
Cameroon, CMR, 2008, 23, -1.1
Cameroon, CMR, 2009, 22, -1.12
Cameroon, CMR, 2010, 22, -1.07
Cameroon, CMR, 2011, , -1.07
Cameroon, CMR, 2012, 26, -1.04
Cameroon, CMR, 2013, 25, -1.05
Cameroon, CMR, 2014, 27, -0.9
Cameroon, CMR, 2015, 27, -0.98
Canada, CAN, 2003, 87, 1.73
Canada, CAN, 2004, 85, 1.71
Canada, CAN, 2005, 84, 1.66
Canada, CAN, 2006, 86, 1.81
Canada, CAN, 2007, 87, 1.81
Canada, CAN, 2008, 87, 1.81
Canada, CAN, 2009, 87, 1.8
Canada, CAN, 2010, 89, 1.81
Canada, CAN, 2011, 87, 1.74
Canada, CAN, 2012, 84, 1.76
Canada, CAN, 2013, 81, 1.76
Canada, CAN, 2014, 81, 1.89
Canada, CAN, 2015, 83, 1.84
Cape Verde, CPV, 2003, , 0.29
Cape Verde, CPV, 2004, , 0.36
Cape Verde, CPV, 2005, , 0.4
Cape Verde, CPV, 2006, , 0.65
Cape Verde, CPV, 2007, 49, 0.63
Cape Verde, CPV, 2008, 51, 0.58
Cape Verde, CPV, 2009, 51, 0.54
Cape Verde, CPV, 2010, 51, 0.47
Cape Verde, CPV, 2011, 55, 0.51
Cape Verde, CPV, 2012, 60, 0.52
Cape Verde, CPV, 2013, 58, 0.54
Cape Verde, CPV, 2014, 57, 0.63
Cape Verde, CPV, 2015, 55, 0.59
Central African Republic, CAF, 2003, , -1.44
Central African Republic, CAF, 2004, , -1.58
Central African Republic, CAF, 2005, , -1.45
Central African Republic, CAF, 2006, , -1.54
Central African Republic, CAF, 2007, , -1.57
Central African Republic, CAF, 2008, , -1.41
Central African Republic, CAF, 2009, , -1.31
Central African Republic, CAF, 2010, , -1.29
Central African Republic, CAF, 2011, , -1.29
Central African Republic, CAF, 2012, 26, -1.44
Central African Republic, CAF, 2013, 25, -1.79
Central African Republic, CAF, 2014, 24, -1.7
Central African Republic, CAF, 2015, 24, -1.68
Chad, TCD, 2003, , -1.34
Chad, TCD, 2004, 17, -1.41
Chad, TCD, 2005, 17, -1.51
Chad, TCD, 2006, 20, -1.55
Chad, TCD, 2007, 18, -1.54
Chad, TCD, 2008, 16, -1.62
Chad, TCD, 2009, 16, -1.51
Chad, TCD, 2010, 17, -1.5
Chad, TCD, 2011, 20, -1.47
Chad, TCD, 2012, 19, -1.47
Chad, TCD, 2013, 19, -1.38
Chad, TCD, 2014, 22, -1.14
Chad, TCD, 2015, 22, -1.18
Chile, CHL, 2003, 74, 1.29
Chile, CHL, 2004, 74, 1.32
Chile, CHL, 2005, 73, 1.3
Chile, CHL, 2006, 73, 1.27
Chile, CHL, 2007, 70, 1.29
Chile, CHL, 2008, 69, 1.31
Chile, CHL, 2009, 67, 1.3
Chile, CHL, 2010, 72, 1.34
Chile, CHL, 2011, 72, 1.37
Chile, CHL, 2012, 72, 1.39
Chile, CHL, 2013, 71, 1.37
Chile, CHL, 2014, 73, 1.43
Chile, CHL, 2015, 70, 1.34
China, CHN, 2003, 34, -0.53
China, CHN, 2004, 34, -0.53
China, CHN, 2005, 32, -0.59
China, CHN, 2006, 33, -0.64
China, CHN, 2007, 35, -0.54
China, CHN, 2008, 36, -0.42
China, CHN, 2009, 36, -0.41
China, CHN, 2010, 35, -0.41
China, CHN, 2011, 36, -0.46
China, CHN, 2012, 39, -0.54
China, CHN, 2013, 40, -0.52
China, CHN, 2014, 36, -0.41
China, CHN, 2015, 37, -0.41
Colombia, COL, 2003, 37, -0.7
Colombia, COL, 2004, 38, -0.69
Colombia, COL, 2005, 40, -0.62
Colombia, COL, 2006, 39, -0.51
Colombia, COL, 2007, 38, -0.44
Colombia, COL, 2008, 38, -0.4
Colombia, COL, 2009, 37, -0.39
Colombia, COL, 2010, 35, -0.31
Colombia, COL, 2011, 34, -0.26
Colombia, COL, 2012, 36, -0.35
Colombia, COL, 2013, 36, -0.41
Colombia, COL, 2014, 37, -0.29
Colombia, COL, 2015, 37, -0.27
Comoros, COM, 2003, , -0.87
Comoros, COM, 2004, , -1.02
Comoros, COM, 2005, , -1
Comoros, COM, 2006, , -0.95
Comoros, COM, 2007, 26, -1.01
Comoros, COM, 2008, 25, -1.03
Comoros, COM, 2009, 23, -1.13
Comoros, COM, 2010, 21, -1.05
Comoros, COM, 2011, , -1
Comoros, COM, 2012, 28, -1.02
Comoros, COM, 2013, 28, -0.94
Comoros, COM, 2014, 26, -0.89
Comoros, COM, 2015, 26, -0.82
Costa Rica, CRC, 2003, 43, 0.7
Costa Rica, CRC, 2004, 49, 0.56
Costa Rica, CRC, 2005, 42, 0.56
Costa Rica, CRC, 2006, 41, 0.47
Costa Rica, CRC, 2007, 50, 0.38
Costa Rica, CRC, 2008, 51, 0.46
Costa Rica, CRC, 2009, 53, 0.56
Costa Rica, CRC, 2010, 53, 0.52
Costa Rica, CRC, 2011, 48, 0.45
Costa Rica, CRC, 2012, 54, 0.52
Costa Rica, CRC, 2013, 53, 0.55
Costa Rica, CRC, 2014, 54, 0.56
Costa Rica, CRC, 2015, 55, 0.5
Croatia, HRV, 2003, 37, -0.02
Croatia, HRV, 2004, 35, 0.09
Croatia, HRV, 2005, 34, 0.13
Croatia, HRV, 2006, 34, 0.01
Croatia, HRV, 2007, 41, 0.09
Croatia, HRV, 2008, 44, 0.09
Croatia, HRV, 2009, 41, 0.16
Croatia, HRV, 2010, 41, 0.2
Croatia, HRV, 2011, 40, 0.22
Croatia, HRV, 2012, 46, 0.25
Croatia, HRV, 2013, 48, 0.29
Croatia, HRV, 2014, 48, 0.32
Croatia, HRV, 2015, 51, 0.2
Cuba, CUB, 2003, 46, -1.22
Cuba, CUB, 2004, 37, -1.11
Cuba, CUB, 2005, 38, -1.08
Cuba, CUB, 2006, 35, -0.76
Cuba, CUB, 2007, 42, -0.68
Cuba, CUB, 2008, 43, -0.82
Cuba, CUB, 2009, 44, -0.71
Cuba, CUB, 2010, 37, -0.72
Cuba, CUB, 2011, 42, -0.69
Cuba, CUB, 2012, 48, -0.71
Cuba, CUB, 2013, 46, -0.7
Cuba, CUB, 2014, 46, -0.66
Cuba, CUB, 2015, 47, -0.7
Cyprus, CYP, 2003, 61, 0.97
Cyprus, CYP, 2004, 54, 0.92
Cyprus, CYP, 2005, 57, 0.89
Cyprus, CYP, 2006, 56, 1.11
Cyprus, CYP, 2007, 53, 1.12
Cyprus, CYP, 2008, 64, 1.22
Cyprus, CYP, 2009, 66, 1.21
Cyprus, CYP, 2010, 63, 1.22
Cyprus, CYP, 2011, 63, 1.07
Cyprus, CYP, 2012, 66, 1.1
Cyprus, CYP, 2013, 63, 1.04
Cyprus, CYP, 2014, 63, 1.08
Cyprus, CYP, 2015, 61, 1.04
Czech Republic, CZE, 2003, 39, 0.87
Czech Republic, CZE, 2004, 42, 0.78
Czech Republic, CZE, 2005, 43, 0.87
Czech Republic, CZE, 2006, 48, 0.87
Czech Republic, CZE, 2007, 52, 0.91
Czech Republic, CZE, 2008, 52, 0.91
Czech Republic, CZE, 2009, 49, 0.96
Czech Republic, CZE, 2010, 46, 0.95
Czech Republic, CZE, 2011, 44, 1.04
Czech Republic, CZE, 2012, 49, 1.04
Czech Republic, CZE, 2013, 48, 1.04
Czech Republic, CZE, 2014, 51, 1.15
Czech Republic, CZE, 2015, 56, 1.15
Democratic Republic of the Congo, COD, 2003, 22, -1.68
Democratic Republic of the Congo, COD, 2004, 20, -1.72
Democratic Republic of the Congo, COD, 2005, 23, -1.55
Democratic Republic of the Congo, COD, 2006, 22, -1.62
Democratic Republic of the Congo, COD, 2007, 21, -1.61
Democratic Republic of the Congo, COD, 2008, 19, -1.56
Democratic Republic of the Congo, COD, 2009, 19, -1.63
Democratic Republic of the Congo, COD, 2010, 21, -1.62
Democratic Republic of the Congo, COD, 2011, 22, -1.62
Democratic Republic of the Congo, COD, 2012, 21, -1.66
Democratic Republic of the Congo, COD, 2013, 22, -1.57
Democratic Republic of the Congo, COD, 2014, 22, -1.45
Democratic Republic of the Congo, COD, 2015, 22, -1.57
Denmark, DNK, 2003, 95, 1.96
Denmark, DNK, 2004, 95, 1.95
Denmark, DNK, 2005, 95, 1.95
Denmark, DNK, 2006, 95, 2
Denmark, DNK, 2007, 94, 2.01
Denmark, DNK, 2008, 93, 1.97
Denmark, DNK, 2009, 93, 1.92
Denmark, DNK, 2010, 93, 1.9
Denmark, DNK, 2011, 94, 1.92
Denmark, DNK, 2012, 90, 1.87
Denmark, DNK, 2013, 91, 1.9
Denmark, DNK, 2014, 92, 2.1
Denmark, DNK, 2015, 91, 2.04
Djibouti, DJI, 2003, , -0.87
Djibouti, DJI, 2004, , -0.85
Djibouti, DJI, 2005, , -0.96
Djibouti, DJI, 2006, , -0.88
Djibouti, DJI, 2007, 29, -0.76
Djibouti, DJI, 2008, 30, -0.64
Djibouti, DJI, 2009, 28, -0.68
Djibouti, DJI, 2010, , -0.73
Djibouti, DJI, 2011, , -0.81
Djibouti, DJI, 2012, 36, -0.79
Djibouti, DJI, 2013, 36, -0.77
Djibouti, DJI, 2014, 34, -0.87
Djibouti, DJI, 2015, 34, -0.92
Dominica, DMA, 2003, , 0.74
Dominica, DMA, 2004, , 0.62
Dominica, DMA, 2005, , 0.62
Dominica, DMA, 2006, , 0.7
Dominica, DMA, 2007, 56, 0.65
Dominica, DMA, 2008, 60, 0.64
Dominica, DMA, 2009, 59, 0.71
Dominica, DMA, 2010, 52, 0.71
Dominica, DMA, 2011, 52, 0.65
Dominica, DMA, 2012, 58, 0.64
Dominica, DMA, 2013, 58, 0.65
Dominica, DMA, 2014, 58, 0.49
Dominica, DMA, 2015, , 0.67
Dominican Republic, DOM, 2003, 33, -0.61
Dominican Republic, DOM, 2004, 29, -0.67
Dominican Republic, DOM, 2005, 30, -0.67
Dominican Republic, DOM, 2006, 28, -0.58
Dominican Republic, DOM, 2007, 30, -0.61
Dominican Republic, DOM, 2008, 30, -0.66
Dominican Republic, DOM, 2009, 30, -0.77
Dominican Republic, DOM, 2010, 30, -0.81
Dominican Republic, DOM, 2011, 26, -0.77
Dominican Republic, DOM, 2012, 32, -0.69
Dominican Republic, DOM, 2013, 29, -0.53
Dominican Republic, DOM, 2014, 32, -0.41
Dominican Republic, DOM, 2015, 33, -0.51
Ecuador, ECU, 2003, 22, -0.74
Ecuador, ECU, 2004, 24, -0.75
Ecuador, ECU, 2005, 25, -0.79
Ecuador, ECU, 2006, 23, -1.03
Ecuador, ECU, 2007, 21, -1.04
Ecuador, ECU, 2008, 20, -1.17
Ecuador, ECU, 2009, 22, -1.25
Ecuador, ECU, 2010, 25, -1.2
Ecuador, ECU, 2011, 27, -1.21
Ecuador, ECU, 2012, 32, -1.13
Ecuador, ECU, 2013, 35, -0.97
Ecuador, ECU, 2014, 33, -1.06
Ecuador, ECU, 2015, 32, -1.03
Egypt, EGY, 2003, 33, 0.02
Egypt, EGY, 2004, 32, 0.02
Egypt, EGY, 2005, 34, -0.02
Egypt, EGY, 2006, 33, -0.26
Egypt, EGY, 2007, 29, -0.23
Egypt, EGY, 2008, 28, -0.13
Egypt, EGY, 2009, 28, -0.11
Egypt, EGY, 2010, 31, -0.18
Egypt, EGY, 2011, 29, -0.45
Egypt, EGY, 2012, 32, -0.47
Egypt, EGY, 2013, 32, -0.63
Egypt, EGY, 2014, 37, -0.66
Egypt, EGY, 2015, 36, -0.59
El Salvador, SLV, 2003, 37, -0.46
El Salvador, SLV, 2004, 42, -0.38
El Salvador, SLV, 2005, 42, -0.45
El Salvador, SLV, 2006, 40, -0.62
El Salvador, SLV, 2007, 40, -0.65
El Salvador, SLV, 2008, 39, -0.67
El Salvador, SLV, 2009, 34, -0.75
El Salvador, SLV, 2010, 36, -0.81
El Salvador, SLV, 2011, 34, -0.72
El Salvador, SLV, 2012, 38, -0.7
El Salvador, SLV, 2013, 38, -0.62
El Salvador, SLV, 2014, 39, -0.48
El Salvador, SLV, 2015, 39, -0.59
Equatorial Guinea, GNQ, 2003, , -1.41
Equatorial Guinea, GNQ, 2004, , -1.48
Equatorial Guinea, GNQ, 2005, 19, -1.46
Equatorial Guinea, GNQ, 2006, 21, -1.37
Equatorial Guinea, GNQ, 2007, 19, -1.3
Equatorial Guinea, GNQ, 2008, 17, -1.27
Equatorial Guinea, GNQ, 2009, 18, -1.27
Equatorial Guinea, GNQ, 2010, 19, -1.3
Equatorial Guinea, GNQ, 2011, 19, -1.27
Equatorial Guinea, GNQ, 2012, 20, -1.3
Equatorial Guinea, GNQ, 2013, 19, -1.35
Equatorial Guinea, GNQ, 2014, 19, -1.45
Equatorial Guinea, GNQ, 2015, , -1.46
Eritrea, ERI, 2003, , -0.66
Eritrea, ERI, 2004, 26, -0.86
Eritrea, ERI, 2005, 26, -1.04
Eritrea, ERI, 2006, 29, -1.19
Eritrea, ERI, 2007, 28, -1.28
Eritrea, ERI, 2008, 26, -1.3
Eritrea, ERI, 2009, 26, -1.31
Eritrea, ERI, 2010, 26, -1.35
Eritrea, ERI, 2011, 25, -1.35
Eritrea, ERI, 2012, 25, -1.39
Eritrea, ERI, 2013, 20, -1.41
Eritrea, ERI, 2014, 18, -1.53
Eritrea, ERI, 2015, 18, -1.49
Estonia, EST, 2003, 55, 0.81
Estonia, EST, 2004, 60, 0.95
Estonia, EST, 2005, 64, 0.97
Estonia, EST, 2006, 67, 1.14
Estonia, EST, 2007, 65, 1.17
Estonia, EST, 2008, 66, 1.2
Estonia, EST, 2009, 66, 1.13
Estonia, EST, 2010, 65, 1.16
Estonia, EST, 2011, 64, 1.18
Estonia, EST, 2012, 64, 1.16
Estonia, EST, 2013, 68, 1.2
Estonia, EST, 2014, 69, 1.37
Estonia, EST, 2015, 70, 1.33
Ethiopia, ETH, 2003, 25, -0.83
Ethiopia, ETH, 2004, 23, -0.86
Ethiopia, ETH, 2005, 22, -0.94
Ethiopia, ETH, 2006, 24, -0.66
Ethiopia, ETH, 2007, 24, -0.65
Ethiopia, ETH, 2008, 26, -0.7
Ethiopia, ETH, 2009, 27, -0.83
Ethiopia, ETH, 2010, 27, -0.8
Ethiopia, ETH, 2011, 27, -0.74
Ethiopia, ETH, 2012, 33, -0.68
Ethiopia, ETH, 2013, 33, -0.65
Ethiopia, ETH, 2014, 33, -0.47
Ethiopia, ETH, 2015, 33, -0.51
Fiji, FJI, 2003, , -0.05
Fiji, FJI, 2004, 40, 0.03
Fiji, FJI, 2005, , -0.05
Fiji, FJI, 2006, , -0.06
Fiji, FJI, 2007, , -0.6
Fiji, FJI, 2008, , -0.56
Fiji, FJI, 2009, , -0.77
Fiji, FJI, 2010, , -0.85
Fiji, FJI, 2011, , -0.82
Fiji, FJI, 2012, , -0.79
Fiji, FJI, 2013, , -0.82
Fiji, FJI, 2014, , -0.51
Fiji, FJI, 2015, , -0.4
Finland, FIN, 2003, 97, 2
Finland, FIN, 2004, 97, 1.96
Finland, FIN, 2005, 96, 1.96
Finland, FIN, 2006, 96, 1.97
Finland, FIN, 2007, 94, 1.91
Finland, FIN, 2008, 90, 1.92
Finland, FIN, 2009, 89, 1.97
Finland, FIN, 2010, 92, 1.97
Finland, FIN, 2011, 94, 1.95
Finland, FIN, 2012, 90, 1.95
Finland, FIN, 2013, 89, 1.94
Finland, FIN, 2014, 89, 2.1
Finland, FIN, 2015, 90, 2.06
France, FRA, 2003, 69, 1.37
France, FRA, 2004, 71, 1.44
France, FRA, 2005, 75, 1.42
France, FRA, 2006, 74, 1.47
France, FRA, 2007, 73, 1.47
France, FRA, 2008, 69, 1.51
France, FRA, 2009, 69, 1.45
France, FRA, 2010, 68, 1.52
France, FRA, 2011, 70, 1.45
France, FRA, 2012, 70, 1.45
France, FRA, 2013, 71, 1.43
France, FRA, 2014, 69, 1.47
France, FRA, 2015, 70, 1.41
Gabon, GAB, 2003, , -0.37
Gabon, GAB, 2004, 33, -0.52
Gabon, GAB, 2005, 29, -0.45
Gabon, GAB, 2006, 30, -0.74
Gabon, GAB, 2007, 33, -0.7
Gabon, GAB, 2008, 31, -0.63
Gabon, GAB, 2009, 29, -0.55
Gabon, GAB, 2010, 28, -0.52
Gabon, GAB, 2011, 30, -0.46
Gabon, GAB, 2012, 35, -0.47
Gabon, GAB, 2013, 34, -0.54
Gabon, GAB, 2014, 37, -0.51
Gabon, GAB, 2015, 34, -0.55
Gambia, GMB, 2003, 25, 0.1
Gambia, GMB, 2004, 28, -0.4
Gambia, GMB, 2005, 27, -0.38
Gambia, GMB, 2006, 25, -0.36
Gambia, GMB, 2007, 23, -0.31
Gambia, GMB, 2008, 19, -0.41
Gambia, GMB, 2009, 29, -0.51
Gambia, GMB, 2010, 32, -0.56
Gambia, GMB, 2011, 35, -0.54
Gambia, GMB, 2012, 34, -0.58
Gambia, GMB, 2013, 28, -0.64
Gambia, GMB, 2014, 29, -0.69
Gambia, GMB, 2015, 28, -0.72
Georgia, GEO, 2003, 18, -0.9
Georgia, GEO, 2004, 20, -0.66
Georgia, GEO, 2005, 23, -0.71
Georgia, GEO, 2006, 28, -0.46
Georgia, GEO, 2007, 34, -0.35
Georgia, GEO, 2008, 39, -0.27
Georgia, GEO, 2009, 41, -0.2
Georgia, GEO, 2010, 38, -0.21
Georgia, GEO, 2011, 41, -0.12
Georgia, GEO, 2012, 52, -0.01
Georgia, GEO, 2013, 49, -0.01
Georgia, GEO, 2014, 52, 0.19
Georgia, GEO, 2015, 52, 0.27
Germany, DEU, 2003, 77, 1.67
Germany, DEU, 2004, 82, 1.64
Germany, DEU, 2005, 82, 1.66
Germany, DEU, 2006, 80, 1.78
Germany, DEU, 2007, 78, 1.77
Germany, DEU, 2008, 79, 1.75
Germany, DEU, 2009, 80, 1.66
Germany, DEU, 2010, 79, 1.63
Germany, DEU, 2011, 80, 1.62
Germany, DEU, 2012, 79, 1.66
Germany, DEU, 2013, 78, 1.65
Germany, DEU, 2014, 79, 1.86
Germany, DEU, 2015, 81, 1.8
Ghana, GHA, 2003, 33, 0.07
Ghana, GHA, 2004, 36, -0.12
Ghana, GHA, 2005, 35, -0.12
Ghana, GHA, 2006, 33, 0.05
Ghana, GHA, 2007, 37, 0.04
Ghana, GHA, 2008, 39, -0.07
Ghana, GHA, 2009, 39, -0.04
Ghana, GHA, 2010, , -0.03
Ghana, GHA, 2011, 39, -0
Ghana, GHA, 2012, 45, 0.01
Ghana, GHA, 2013, 46, 0.15
Ghana, GHA, 2014, 48, 0.05
Ghana, GHA, 2015, 47, 0.14
Greece, GRC, 2003, 43, 0.82
Greece, GRC, 2004, 43, 0.91
Greece, GRC, 2005, 43, 0.79
Greece, GRC, 2006, 44, 0.87
Greece, GRC, 2007, 46, 0.87
Greece, GRC, 2008, 47, 0.86
Greece, GRC, 2009, 38, 0.65
Greece, GRC, 2010, 35, 0.63
Greece, GRC, 2011, 34, 0.57
Greece, GRC, 2012, 36, 0.43
Greece, GRC, 2013, 40, 0.47
Greece, GRC, 2014, 43, 0.36
Greece, GRC, 2015, 46, 0.27
Grenada, GRD, 2003, , 0.38
Grenada, GRD, 2004, , 0.32
Grenada, GRD, 2005, , 0.32
Grenada, GRD, 2006, , 0.23
Grenada, GRD, 2007, 34, 0.15
Grenada, GRD, 2008, , 0.08
Grenada, GRD, 2009, , 0.13
Grenada, GRD, 2010, , 0.11
Grenada, GRD, 2011, , 0.14
Grenada, GRD, 2012, , 0.13
Grenada, GRD, 2013, , 0.13
Grenada, GRD, 2014, , -0.17
Grenada, GRD, 2015, , 0.14
Guatemala, GTM, 2003, 24, -1.07
Guatemala, GTM, 2004, 22, -1.01
Guatemala, GTM, 2005, 25, -1.05
Guatemala, GTM, 2006, 26, -1.09
Guatemala, GTM, 2007, 28, -1.12
Guatemala, GTM, 2008, 31, -1.11
Guatemala, GTM, 2009, 34, -1.02
Guatemala, GTM, 2010, 32, -0.96
Guatemala, GTM, 2011, 27, -1.04
Guatemala, GTM, 2012, 33, -1.08
Guatemala, GTM, 2013, 29, -1.08
Guatemala, GTM, 2014, 32, -0.96
Guatemala, GTM, 2015, 28, -0.95
Guinea, GIN, 2003, , -1.09
Guinea, GIN, 2004, , -1.26
Guinea, GIN, 2005, , -1.37
Guinea, GIN, 2006, , -1.4
Guinea, GIN, 2007, , -1.44
Guinea, GIN, 2008, , -1.53
Guinea, GIN, 2009, , -1.54
Guinea, GIN, 2010, , -1.48
Guinea, GIN, 2011, , -1.45
Guinea, GIN, 2012, 24, -1.41
Guinea, GIN, 2013, 24, -1.38
Guinea, GIN, 2014, 25, -1.36
Guinea, GIN, 2015, 25, -1.16
Guinea-Bissau, GNB, 2003, , -1.14
Guinea-Bissau, GNB, 2004, , -1.17
Guinea-Bissau, GNB, 2005, , -1.25
Guinea-Bissau, GNB, 2006, , -1.25
Guinea-Bissau, GNB, 2007, , -1.31
Guinea-Bissau, GNB, 2008, , -1.39
Guinea-Bissau, GNB, 2009, , -1.34
Guinea-Bissau, GNB, 2010, , -1.33
Guinea-Bissau, GNB, 2011, , -1.31
Guinea-Bissau, GNB, 2012, 25, -1.52
Guinea-Bissau, GNB, 2013, 19, -1.59
Guinea-Bissau, GNB, 2014, 19, -1.33
Guinea-Bissau, GNB, 2015, 17, -1.28
Guyana, GUY, 2003, , -0.54
Guyana, GUY, 2004, , -0.62
Guyana, GUY, 2005, 25, -0.67
Guyana, GUY, 2006, 25, -0.56
Guyana, GUY, 2007, 26, -0.46
Guyana, GUY, 2008, 26, -0.58
Guyana, GUY, 2009, 26, -0.56
Guyana, GUY, 2010, 27, -0.47
Guyana, GUY, 2011, 25, -0.51
Guyana, GUY, 2012, 28, -0.52
Guyana, GUY, 2013, 27, -0.53
Guyana, GUY, 2014, 30, -0.62
Guyana, GUY, 2015, 29, -0.53
Haiti, HTI, 2003, 15, -1.79
Haiti, HTI, 2004, 15, -1.72
Haiti, HTI, 2005, 18, -1.64
Haiti, HTI, 2006, 18, -1.41
Haiti, HTI, 2007, 16, -1.34
Haiti, HTI, 2008, 14, -1.28
Haiti, HTI, 2009, 18, -1.32
Haiti, HTI, 2010, 22, -1.37
Haiti, HTI, 2011, 18, -1.41
Haiti, HTI, 2012, 19, -1.33
Haiti, HTI, 2013, 19, -1.29
Haiti, HTI, 2014, 19, -1.19
Haiti, HTI, 2015, 17, -1.18
Honduras, HND, 2003, 23, -0.88
Honduras, HND, 2004, 23, -0.76
Honduras, HND, 2005, 26, -0.78
Honduras, HND, 2006, 25, -0.99
Honduras, HND, 2007, 25, -0.93
Honduras, HND, 2008, 26, -0.96
Honduras, HND, 2009, 25, -0.9
Honduras, HND, 2010, 24, -0.88
Honduras, HND, 2011, 26, -0.9
Honduras, HND, 2012, 28, -1.14
Honduras, HND, 2013, 26, -1.16
Honduras, HND, 2014, 29, -0.94
Honduras, HND, 2015, 31, -0.93
Hong Kong, HKG, 2003, 80, 1.57
Hong Kong, HKG, 2004, 80, 1.59
Hong Kong, HKG, 2005, 83, 1.61
Hong Kong, HKG, 2006, 83, 1.55
Hong Kong, HKG, 2007, 83, 1.53
Hong Kong, HKG, 2008, 81, 1.49
Hong Kong, HKG, 2009, 82, 1.5
Hong Kong, HKG, 2010, 84, 1.54
Hong Kong, HKG, 2011, 84, 1.55
Hong Kong, HKG, 2012, 77, 1.58
Hong Kong, HKG, 2013, 75, 1.57
Hong Kong, HKG, 2014, 74, 1.86
Hong Kong, HKG, 2015, 75, 1.83
Hungary, HUN, 2003, 48, 0.93
Hungary, HUN, 2004, 48, 0.91
Hungary, HUN, 2005, 50, 0.86
Hungary, HUN, 2006, 52, 1
Hungary, HUN, 2007, 53, 0.96
Hungary, HUN, 2008, 51, 0.93
Hungary, HUN, 2009, 51, 0.8
Hungary, HUN, 2010, 47, 0.78
Hungary, HUN, 2011, 46, 0.76
Hungary, HUN, 2012, 55, 0.62
Hungary, HUN, 2013, 54, 0.58
Hungary, HUN, 2014, 54, 0.5
Hungary, HUN, 2015, 51, 0.4
Iceland, ISL, 2003, 96, 1.96
Iceland, ISL, 2004, 95, 1.93
Iceland, ISL, 2005, 97, 1.95
Iceland, ISL, 2006, 96, 1.9
Iceland, ISL, 2007, 92, 1.85
Iceland, ISL, 2008, 89, 1.87
Iceland, ISL, 2009, 87, 1.71
Iceland, ISL, 2010, 85, 1.71
Iceland, ISL, 2011, 83, 1.7
Iceland, ISL, 2012, 82, 1.69
Iceland, ISL, 2013, 78, 1.66
Iceland, ISL, 2014, 79, 1.71
Iceland, ISL, 2015, 79, 1.67
India, IND, 2003, 28, 0.13
India, IND, 2004, 28, 0.04
India, IND, 2005, 29, 0.13
India, IND, 2006, 33, 0.18
India, IND, 2007, 35, 0.09
India, IND, 2008, 34, 0.09
India, IND, 2009, 34, 0.01
India, IND, 2010, 33, -0.04
India, IND, 2011, 31, -0.09
India, IND, 2012, 36, -0.07
India, IND, 2013, 36, -0.06
India, IND, 2014, 38, -0.06
India, IND, 2015, 38, -0.05
Indonesia, IDN, 2003, 19, -0.85
Indonesia, IDN, 2004, 20, -0.77
Indonesia, IDN, 2005, 22, -0.82
Indonesia, IDN, 2006, 24, -0.72
Indonesia, IDN, 2007, 23, -0.68
Indonesia, IDN, 2008, 26, -0.65
Indonesia, IDN, 2009, 28, -0.6
Indonesia, IDN, 2010, 28, -0.64
Indonesia, IDN, 2011, 30, -0.59
Indonesia, IDN, 2012, 32, -0.58
Indonesia, IDN, 2013, 32, -0.53
Indonesia, IDN, 2014, 34, -0.34
Indonesia, IDN, 2015, 36, -0.42
Iran, IRN, 2003, , -0.64
Iran, IRN, 2004, 29, -0.66
Iran, IRN, 2005, 29, -0.83
Iran, IRN, 2006, 27, -0.95
Iran, IRN, 2007, 25, -0.97
Iran, IRN, 2008, 23, -0.91
Iran, IRN, 2009, 18, -0.97
Iran, IRN, 2010, 22, -1.02
Iran, IRN, 2011, 27, -0.97
Iran, IRN, 2012, 28, -0.92
Iran, IRN, 2013, 25, -1
Iran, IRN, 2014, 27, -1.06
Iran, IRN, 2015, 27, -0.92
Iraq, IRQ, 2003, 22, -1.64
Iraq, IRQ, 2004, 21, -1.83
Iraq, IRQ, 2005, 22, -1.71
Iraq, IRQ, 2006, 19, -1.68
Iraq, IRQ, 2007, 15, -1.84
Iraq, IRQ, 2008, 13, -1.77
Iraq, IRQ, 2009, 15, -1.7
Iraq, IRQ, 2010, 15, -1.56
Iraq, IRQ, 2011, 18, -1.45
Iraq, IRQ, 2012, 18, -1.46
Iraq, IRQ, 2013, 16, -1.45
Iraq, IRQ, 2014, 16, -1.33
Iraq, IRQ, 2015, 16, -1.42
Ireland, IRL, 2003, 75, 1.52
Ireland, IRL, 2004, 75, 1.53
Ireland, IRL, 2005, 74, 1.6
Ireland, IRL, 2006, 74, 1.72
Ireland, IRL, 2007, 75, 1.75
Ireland, IRL, 2008, 77, 1.72
Ireland, IRL, 2009, 80, 1.75
Ireland, IRL, 2010, 80, 1.77
Ireland, IRL, 2011, 75, 1.76
Ireland, IRL, 2012, 69, 1.73
Ireland, IRL, 2013, 72, 1.73
Ireland, IRL, 2014, 74, 1.78
Ireland, IRL, 2015, 75, 1.77
Israel, ISR, 2003, 70, 0.94
Israel, ISR, 2004, 64, 0.86
Israel, ISR, 2005, 63, 0.82
Israel, ISR, 2006, 59, 0.9
Israel, ISR, 2007, 61, 0.83
Israel, ISR, 2008, 60, 0.85
Israel, ISR, 2009, 61, 0.84
Israel, ISR, 2010, 61, 0.92
Israel, ISR, 2011, 58, 1.01
Israel, ISR, 2012, 60, 0.93
Israel, ISR, 2013, 61, 0.98
Israel, ISR, 2014, 60, 1.11
Israel, ISR, 2015, 61, 1.16
Italy, ITA, 2003, 53, 0.72
Italy, ITA, 2004, 48, 0.6
Italy, ITA, 2005, 50, 0.52
Italy, ITA, 2006, 49, 0.39
Italy, ITA, 2007, 52, 0.48
Italy, ITA, 2008, 48, 0.46
Italy, ITA, 2009, 43, 0.4
Italy, ITA, 2010, 39, 0.43
Italy, ITA, 2011, 39, 0.47
Italy, ITA, 2012, 42, 0.4
Italy, ITA, 2013, 43, 0.4
Italy, ITA, 2014, 43, 0.38
Italy, ITA, 2015, 44, 0.28
Ivory Coast, CIV, 2003, , -1.37
Ivory Coast, CIV, 2004, , -1.37
Ivory Coast, CIV, 2005, , -1.48
Ivory Coast, CIV, 2006, , -1.45
Ivory Coast, CIV, 2007, , -1.46
Ivory Coast, CIV, 2008, , -1.42
Ivory Coast, CIV, 2009, , -1.23
Ivory Coast, CIV, 2010, , -1.22
Ivory Coast, CIV, 2011, , -1.27
Ivory Coast, CIV, 2012, , -1.08
Ivory Coast, CIV, 2013, 27, -0.91
Ivory Coast, CIV, 2014, 32, -0.59
Ivory Coast, CIV, 2015, 32, -0.63
Jamaica, JAM, 2003, 38, -0.44
Jamaica, JAM, 2004, 33, -0.37
Jamaica, JAM, 2005, 36, -0.42
Jamaica, JAM, 2006, 37, -0.4
Jamaica, JAM, 2007, 33, -0.36
Jamaica, JAM, 2008, 31, -0.33
Jamaica, JAM, 2009, 30, -0.43
Jamaica, JAM, 2010, 33, -0.45
Jamaica, JAM, 2011, 33, -0.4
Jamaica, JAM, 2012, 38, -0.38
Jamaica, JAM, 2013, 38, -0.35
Jamaica, JAM, 2014, 38, -0.28
Jamaica, JAM, 2015, 41, -0.23
Japan, JPN, 2003, 70, 1.2
Japan, JPN, 2004, 69, 1.27
Japan, JPN, 2005, 73, 1.23
Japan, JPN, 2006, 76, 1.36
Japan, JPN, 2007, 75, 1.34
Japan, JPN, 2008, 73, 1.32
Japan, JPN, 2009, 77, 1.29
Japan, JPN, 2010, 78, 1.33
Japan, JPN, 2011, 80, 1.31
Japan, JPN, 2012, 74, 1.36
Japan, JPN, 2013, 74, 1.44
Japan, JPN, 2014, 76, 1.6
Japan, JPN, 2015, 75, 1.52
Jordan, JOR, 2003, 46, 0.36
Jordan, JOR, 2004, 53, 0.32
Jordan, JOR, 2005, 57, 0.33
Jordan, JOR, 2006, 53, 0.33
Jordan, JOR, 2007, 47, 0.39
Jordan, JOR, 2008, 51, 0.41
Jordan, JOR, 2009, 50, 0.25
Jordan, JOR, 2010, 47, 0.19
Jordan, JOR, 2011, 45, 0.24
Jordan, JOR, 2012, 48, 0.37
Jordan, JOR, 2013, 45, 0.39
Jordan, JOR, 2014, 49, 0.46
Jordan, JOR, 2015, 53, 0.44
Kazakhstan, KAZ, 2003, 24, -1.03
Kazakhstan, KAZ, 2004, 22, -1.01
Kazakhstan, KAZ, 2005, 26, -0.87
Kazakhstan, KAZ, 2006, 26, -1.02
Kazakhstan, KAZ, 2007, 21, -0.95
Kazakhstan, KAZ, 2008, 22, -0.82
Kazakhstan, KAZ, 2009, 27, -0.65
Kazakhstan, KAZ, 2010, , -0.62
Kazakhstan, KAZ, 2011, , -0.57
Kazakhstan, KAZ, 2012, 28, -0.68
Kazakhstan, KAZ, 2013, 26, -0.69
Kazakhstan, KAZ, 2014, 29, -0.6
Kazakhstan, KAZ, 2015, 28, -0.44
Kenya, KEN, 2003, 19, -0.83
Kenya, KEN, 2004, 21, -0.84
Kenya, KEN, 2005, 21, -0.88
Kenya, KEN, 2006, 22, -0.88
Kenya, KEN, 2007, 21, -0.97
Kenya, KEN, 2008, 21, -0.99
Kenya, KEN, 2009, 22, -1.01
Kenya, KEN, 2010, 21, -0.94
Kenya, KEN, 2011, 22, -0.9
Kenya, KEN, 2012, 27, -0.82
Kenya, KEN, 2013, 27, -0.71
Kenya, KEN, 2014, 25, -0.42
Kenya, KEN, 2015, 25, -0.49
Kiribati, KIR, 2003, , 0.31
Kiribati, KIR, 2004, , 0.37
Kiribati, KIR, 2005, , 0.72
Kiribati, KIR, 2006, , 0.85
Kiribati, KIR, 2007, 33, 0.76
Kiribati, KIR, 2008, 31, 0.35
Kiribati, KIR, 2009, 28, 0.13
Kiribati, KIR, 2010, 32, 0.06
Kiribati, KIR, 2011, 31, 0.1
Kiribati, KIR, 2012, , 0.14
Kiribati, KIR, 2013, , 0.18
Kiribati, KIR, 2014, , -0.12
Kiribati, KIR, 2015, , -0.16
Kuwait, KWT, 2003, 53, 0.57
Kuwait, KWT, 2004, 46, 0.52
Kuwait, KWT, 2005, 47, 0.54
Kuwait, KWT, 2006, 48, 0.54
Kuwait, KWT, 2007, 43, 0.6
Kuwait, KWT, 2008, 43, 0.59
Kuwait, KWT, 2009, 41, 0.59
Kuwait, KWT, 2010, 45, 0.59
Kuwait, KWT, 2011, 46, 0.55
Kuwait, KWT, 2012, 44, 0.37
Kuwait, KWT, 2013, 43, 0.37
Kuwait, KWT, 2014, 44, 0.02
Kuwait, KWT, 2015, 49, 0
Kyrgyzstan, KGZ, 2003, , -0.74
Kyrgyzstan, KGZ, 2004, , -0.81
Kyrgyzstan, KGZ, 2005, , -1.11
Kyrgyzstan, KGZ, 2006, , -1.31
Kyrgyzstan, KGZ, 2007, , -1.32
Kyrgyzstan, KGZ, 2008, , -1.37
Kyrgyzstan, KGZ, 2009, , -1.33
Kyrgyzstan, KGZ, 2010, , -1.27
Kyrgyzstan, KGZ, 2011, , -1.19
Kyrgyzstan, KGZ, 2012, 24, -1.13
Kyrgyzstan, KGZ, 2013, 24, -1.11
Kyrgyzstan, KGZ, 2014, 27, -0.93
Kyrgyzstan, KGZ, 2015, 28, -0.99
Laos, LAO, 2003, , -1.27
Laos, LAO, 2004, , -1.12
Laos, LAO, 2005, 33, -1.18
Laos, LAO, 2006, 26, -1.02
Laos, LAO, 2007, 19, -0.96
Laos, LAO, 2008, 20, -0.87
Laos, LAO, 2009, 20, -1.05
Laos, LAO, 2010, 21, -0.98
Laos, LAO, 2011, 22, -1
Laos, LAO, 2012, 21, -0.85
Laos, LAO, 2013, 26, -0.8
Laos, LAO, 2014, 25, -0.75
Laos, LAO, 2015, 25, -0.8
Latvia, LVA, 2003, 38, 0.6
Latvia, LVA, 2004, 40, 0.59
Latvia, LVA, 2005, 42, 0.62
Latvia, LVA, 2006, 47, 0.67
Latvia, LVA, 2007, 48, 0.76
Latvia, LVA, 2008, 50, 0.81
Latvia, LVA, 2009, 45, 0.81
Latvia, LVA, 2010, 43, 0.79
Latvia, LVA, 2011, 42, 0.75
Latvia, LVA, 2012, 49, 0.79
Latvia, LVA, 2013, 53, 0.77
Latvia, LVA, 2014, 55, 0.87
Latvia, LVA, 2015, 55, 0.79
Lebanon, LBN, 2003, 30, -0.39
Lebanon, LBN, 2004, 27, -0.26
Lebanon, LBN, 2005, 31, -0.33
Lebanon, LBN, 2006, 36, -0.64
Lebanon, LBN, 2007, 30, -0.7
Lebanon, LBN, 2008, 30, -0.67
Lebanon, LBN, 2009, 25, -0.68
Lebanon, LBN, 2010, 25, -0.71
Lebanon, LBN, 2011, 25, -0.69
Lebanon, LBN, 2012, 30, -0.75
Lebanon, LBN, 2013, 28, -0.78
Lebanon, LBN, 2014, 27, -0.77
Lebanon, LBN, 2015, 28, -0.83
Lesotho, LSO, 2003, , 0.09
Lesotho, LSO, 2004, , -0.11
Lesotho, LSO, 2005, 34, -0.12
Lesotho, LSO, 2006, 32, -0.22
Lesotho, LSO, 2007, 33, -0.29
Lesotho, LSO, 2008, 32, -0.23
Lesotho, LSO, 2009, 33, -0.21
Lesotho, LSO, 2010, 35, -0.28
Lesotho, LSO, 2011, 35, -0.25
Lesotho, LSO, 2012, 45, -0.24
Lesotho, LSO, 2013, 49, -0.2
Lesotho, LSO, 2014, 49, -0.21
Lesotho, LSO, 2015, 44, -0.17
Liberia, LBR, 2003, , -1.65
Liberia, LBR, 2004, , -1.56
Liberia, LBR, 2005, , -1.33
Liberia, LBR, 2006, , -0.89
Liberia, LBR, 2007, , -0.89
Liberia, LBR, 2008, , -1.09
Liberia, LBR, 2009, , -1.01
Liberia, LBR, 2010, , -0.96
Liberia, LBR, 2011, , -0.93
Liberia, LBR, 2012, 41, -0.89
Liberia, LBR, 2013, 38, -0.88
Liberia, LBR, 2014, 37, -0.81
Liberia, LBR, 2015, 37, -0.86
Libya, LBY, 2003, 21, -0.9
Libya, LBY, 2004, 25, -0.91
Libya, LBY, 2005, 25, -0.98
Libya, LBY, 2006, 27, -1.08
Libya, LBY, 2007, 25, -0.95
Libya, LBY, 2008, 26, -0.82
Libya, LBY, 2009, 25, -0.93
Libya, LBY, 2010, 22, -0.99
Libya, LBY, 2011, 20, -1.2
Libya, LBY, 2012, 21, -1.14
Libya, LBY, 2013, 15, -1.34
Libya, LBY, 2014, 18, -1.51
Libya, LBY, 2015, 16, -1.63
Liechtenstein, LIE, 2003, , 1.3
Liechtenstein, LIE, 2004, , 1.1
Liechtenstein, LIE, 2005, , 0.98
Liechtenstein, LIE, 2006, , 1.07
Liechtenstein, LIE, 2007, , 1.41
Liechtenstein, LIE, 2008, , 1.43
Liechtenstein, LIE, 2009, , 1.62
Liechtenstein, LIE, 2010, , 1.62
Liechtenstein, LIE, 2011, , 1.62
Liechtenstein, LIE, 2012, , 1.6
Liechtenstein, LIE, 2013, , 1.59
Liechtenstein, LIE, 2014, , 1.74
Liechtenstein, LIE, 2015, , 1.69
Lithuania, LTU, 2003, 47, 0.54
Lithuania, LTU, 2004, 46, 0.61
Lithuania, LTU, 2005, 48, 0.63
Lithuania, LTU, 2006, 48, 0.72
Lithuania, LTU, 2007, 48, 0.73
Lithuania, LTU, 2008, 46, 0.72
Lithuania, LTU, 2009, 49, 0.73
Lithuania, LTU, 2010, 50, 0.78
Lithuania, LTU, 2011, 48, 0.77
Lithuania, LTU, 2012, 54, 0.85
Lithuania, LTU, 2013, 57, 0.84
Lithuania, LTU, 2014, 58, 0.94
Lithuania, LTU, 2015, 61, 1.01
Luxembourg, LUX, 2003, 87, 1.87
Luxembourg, LUX, 2004, 84, 1.87
Luxembourg, LUX, 2005, 85, 1.83
Luxembourg, LUX, 2006, 86, 1.7
Luxembourg, LUX, 2007, 84, 1.77
Luxembourg, LUX, 2008, 83, 1.8
Luxembourg, LUX, 2009, 82, 1.83
Luxembourg, LUX, 2010, 85, 1.85
Luxembourg, LUX, 2011, 85, 1.83
Luxembourg, LUX, 2012, 80, 1.8
Luxembourg, LUX, 2013, 80, 1.82
Luxembourg, LUX, 2014, 82, 1.91
Luxembourg, LUX, 2015, 81, 1.87
Macao, MAC, 2003, , 1.26
Macao, MAC, 2004, , 1.39
Macao, MAC, 2005, , 0.73
Macao, MAC, 2006, , 0.44
Macao, MAC, 2007, 57, 0.32
Macao, MAC, 2008, 54, 0.46
Macao, MAC, 2009, 53, 0.71
Macao, MAC, 2010, 50, 0.72
Macao, MAC, 2011, 51, 0.69
Macao, MAC, 2012, , 0.65
Macao, MAC, 2013, , 0.64
Macao, MAC, 2014, , 0.95
Macao, MAC, 2015, , 0.92
Macedonia, MKD, 2003, , -0.49
Macedonia, MKD, 2004, , -0.24
Macedonia, MKD, 2005, , -0.32
Macedonia, MKD, 2006, , -0.53
Macedonia, MKD, 2007, , -0.43
Macedonia, MKD, 2008, , -0.35
Macedonia, MKD, 2009, , -0.26
Macedonia, MKD, 2010, , -0.26
Macedonia, MKD, 2011, , -0.24
Macedonia, MKD, 2012, 43, -0.22
Macedonia, MKD, 2013, 44, -0.2
Macedonia, MKD, 2014, 45, -0.05
Macedonia, MKD, 2015, 42, -0.19
Madagascar, MDG, 2003, 26, -0.23
Madagascar, MDG, 2004, 31, -0.25
Madagascar, MDG, 2005, 28, -0.35
Madagascar, MDG, 2006, 31, -0.45
Madagascar, MDG, 2007, 32, -0.38
Madagascar, MDG, 2008, 34, -0.45
Madagascar, MDG, 2009, 30, -0.73
Madagascar, MDG, 2010, 26, -0.87
Madagascar, MDG, 2011, 30, -0.89
Madagascar, MDG, 2012, 32, -0.91
Madagascar, MDG, 2013, 28, -0.91
Madagascar, MDG, 2014, 28, -0.74
Madagascar, MDG, 2015, 28, -0.69
Malawi, MWI, 2003, 28, -0.21
Malawi, MWI, 2004, 28, -0.12
Malawi, MWI, 2005, 28, -0.11
Malawi, MWI, 2006, 27, -0.22
Malawi, MWI, 2007, 27, -0.16
Malawi, MWI, 2008, 28, -0.11
Malawi, MWI, 2009, 33, -0.11
Malawi, MWI, 2010, 34, -0.13
Malawi, MWI, 2011, 30, -0.16
Malawi, MWI, 2012, 37, -0.22
Malawi, MWI, 2013, 37, -0.16
Malawi, MWI, 2014, 33, -0.29
Malawi, MWI, 2015, 31, -0.31
Malaysia, MYS, 2003, 52, 0.52
Malaysia, MYS, 2004, 50, 0.52
Malaysia, MYS, 2005, 51, 0.5
Malaysia, MYS, 2006, 50, 0.47
Malaysia, MYS, 2007, 51, 0.44
Malaysia, MYS, 2008, 51, 0.34
Malaysia, MYS, 2009, 45, 0.46
Malaysia, MYS, 2010, 44, 0.48
Malaysia, MYS, 2011, 43, 0.48
Malaysia, MYS, 2012, 49, 0.47
Malaysia, MYS, 2013, 50, 0.44
Malaysia, MYS, 2014, 52, 0.59
Malaysia, MYS, 2015, 50, 0.5
Maldives, MDV, 2003, , -0.02
Maldives, MDV, 2004, , -0.08
Maldives, MDV, 2005, , 0.04
Maldives, MDV, 2006, , -0.07
Maldives, MDV, 2007, 33, -0.16
Maldives, MDV, 2008, 28, -0.18
Maldives, MDV, 2009, 25, -0.19
Maldives, MDV, 2010, 23, -0.34
Maldives, MDV, 2011, 25, -0.55
Maldives, MDV, 2012, , -0.54
Maldives, MDV, 2013, , -0.75
Maldives, MDV, 2014, , -0.53
Maldives, MDV, 2015, , -0.58
Mali, MLI, 2003, 30, 0
Mali, MLI, 2004, 32, -0.19
Mali, MLI, 2005, 29, -0.16
Mali, MLI, 2006, 28, -0.29
Mali, MLI, 2007, 27, -0.18
Mali, MLI, 2008, 31, -0.32
Mali, MLI, 2009, 28, -0.37
Mali, MLI, 2010, 27, -0.45
Mali, MLI, 2011, 28, -0.5
Mali, MLI, 2012, 34, -0.67
Mali, MLI, 2013, 28, -0.75
Mali, MLI, 2014, 32, -0.64
Mali, MLI, 2015, 35, -0.73
Malta, MLT, 2003, , 1.58
Malta, MLT, 2004, 68, 1.33
Malta, MLT, 2005, 66, 1.43
Malta, MLT, 2006, 64, 1.57
Malta, MLT, 2007, 58, 1.63
Malta, MLT, 2008, 58, 1.62
Malta, MLT, 2009, 52, 1.48
Malta, MLT, 2010, 56, 1.42
Malta, MLT, 2011, 56, 1.29
Malta, MLT, 2012, 57, 1.34
Malta, MLT, 2013, 56, 1.33
Malta, MLT, 2014, 55, 1.19
Malta, MLT, 2015, 56, 1.14
Mauritania, MRT, 2003, , -0.52
Mauritania, MRT, 2004, , -0.73
Mauritania, MRT, 2005, , -0.71
Mauritania, MRT, 2006, 31, -0.78
Mauritania, MRT, 2007, 26, -0.7
Mauritania, MRT, 2008, 28, -1.14
Mauritania, MRT, 2009, 25, -0.8
Mauritania, MRT, 2010, 23, -0.89
Mauritania, MRT, 2011, 24, -0.92
Mauritania, MRT, 2012, 31, -0.92
Mauritania, MRT, 2013, 30, -1
Mauritania, MRT, 2014, 30, -0.86
Mauritania, MRT, 2015, 31, -0.87
Mauritius, MUS, 2003, 44, 1.08
Mauritius, MUS, 2004, 41, 1
Mauritius, MUS, 2005, 42, 1.03
Mauritius, MUS, 2006, 51, 0.88
Mauritius, MUS, 2007, 47, 0.91
Mauritius, MUS, 2008, 55, 1
Mauritius, MUS, 2009, 54, 0.94
Mauritius, MUS, 2010, 54, 0.86
Mauritius, MUS, 2011, 51, 0.9
Mauritius, MUS, 2012, , 0.97
Mauritius, MUS, 2013, 52, 0.95
Mauritius, MUS, 2014, 54, 0.91
Mauritius, MUS, 2015, 53, 0.85
Mexico, MEX, 2003, 36, -0.33
Mexico, MEX, 2004, 36, -0.37
Mexico, MEX, 2005, 35, -0.35
Mexico, MEX, 2006, 33, -0.43
Mexico, MEX, 2007, 35, -0.49
Mexico, MEX, 2008, 36, -0.67
Mexico, MEX, 2009, 33, -0.56
Mexico, MEX, 2010, 31, -0.55
Mexico, MEX, 2011, 30, -0.55
Mexico, MEX, 2012, 34, -0.53
Mexico, MEX, 2013, 34, -0.54
Mexico, MEX, 2014, 35, -0.42
Mexico, MEX, 2015, 35, -0.45
Micronesia, FSM, 2003, , -0.09
Micronesia, FSM, 2004, , 0.44
Micronesia, FSM, 2005, , 0.66
Micronesia, FSM, 2006, , 0.68
Micronesia, FSM, 2007, , 0.62
Micronesia, FSM, 2008, , 0.34
Micronesia, FSM, 2009, , 0.04
Micronesia, FSM, 2010, , -0.1
Micronesia, FSM, 2011, , -0.06
Micronesia, FSM, 2012, , -0.02
Micronesia, FSM, 2013, , 0.07
Micronesia, FSM, 2014, , -0.28
Micronesia, FSM, 2015, , -0.3
Moldova, MDA, 2003, 24, -0.52
Moldova, MDA, 2004, 23, -0.33
Moldova, MDA, 2005, 29, -0.36
Moldova, MDA, 2006, 32, -0.52
Moldova, MDA, 2007, 28, -0.51
Moldova, MDA, 2008, 29, -0.43
Moldova, MDA, 2009, 33, -0.44
Moldova, MDA, 2010, 29, -0.36
Moldova, MDA, 2011, 29, -0.33
Moldova, MDA, 2012, 36, -0.32
Moldova, MDA, 2013, 35, -0.37
Moldova, MDA, 2014, 35, -0.25
Moldova, MDA, 2015, 33, -0.35
Monaco, MCO, 2003, , 0.86
Monaco, MCO, 2004, , 0.84
Monaco, MCO, 2005, , 0.79
Monaco, MCO, 2006, , 0.99
Monaco, MCO, 2007, , 0.89
Monaco, MCO, 2008, , 0.91
Monaco, MCO, 2009, , 0.95
Monaco, MCO, 2010, , 0.89
Monaco, MCO, 2011, , 0.95
Monaco, MCO, 2012, , 0.93
Monaco, MCO, 2013, , 0.94
Mongolia, MNG, 2003, , 0.21
Mongolia, MNG, 2004, , 0.03
Mongolia, MNG, 2005, , -0.22
Mongolia, MNG, 2006, , -0.32
Mongolia, MNG, 2007, , -0.35
Mongolia, MNG, 2008, , -0.35
Mongolia, MNG, 2009, , -0.26
Mongolia, MNG, 2010, , -0.36
Mongolia, MNG, 2011, , -0.27
Mongolia, MNG, 2012, 36, -0.38
Mongolia, MNG, 2013, 38, -0.37
Mongolia, MNG, 2014, 39, -0.34
Mongolia, MNG, 2015, 39, -0.38
Montenegro, MNE, 2003, , -0.16
Montenegro, MNE, 2004, , -0.21
Montenegro, MNE, 2005, , -0.13
Montenegro, MNE, 2006, , -0.27
Montenegro, MNE, 2007, 33, -0.15
Montenegro, MNE, 2008, 34, -0.08
Montenegro, MNE, 2009, 39, 0.07
Montenegro, MNE, 2010, 37, 0.01
Montenegro, MNE, 2011, 40, 0.02
Montenegro, MNE, 2012, 41, 0.02
Montenegro, MNE, 2013, 44, 0.05
Montenegro, MNE, 2014, 42, 0.08
Montenegro, MNE, 2015, 44, 0.05
Morocco, MAR, 2003, 33, -0.08
Morocco, MAR, 2004, 32, -0.03
Morocco, MAR, 2005, 32, -0.16
Morocco, MAR, 2006, 32, -0.29
Morocco, MAR, 2007, 35, -0.3
Morocco, MAR, 2008, 35, -0.3
Morocco, MAR, 2009, 33, -0.21
Morocco, MAR, 2010, 34, -0.17
Morocco, MAR, 2011, 34, -0.23
Morocco, MAR, 2012, 37, -0.21
Morocco, MAR, 2013, 37, -0.25
Morocco, MAR, 2014, 39, -0.07
Morocco, MAR, 2015, 36, -0.09
Mozambique, MOZ, 2003, 27, -0.67
Mozambique, MOZ, 2004, 28, -0.67
Mozambique, MOZ, 2005, 28, -0.62
Mozambique, MOZ, 2006, 28, -0.61
Mozambique, MOZ, 2007, 28, -0.6
Mozambique, MOZ, 2008, 26, -0.61
Mozambique, MOZ, 2009, 25, -0.59
Mozambique, MOZ, 2010, 27, -0.47
Mozambique, MOZ, 2011, 27, -0.57
Mozambique, MOZ, 2012, 31, -0.59
Mozambique, MOZ, 2013, 30, -0.82
Mozambique, MOZ, 2014, 31, -0.81
Mozambique, MOZ, 2015, 31, -0.85
Namibia, NAM, 2003, 47, 0.32
Namibia, NAM, 2004, 41, -0
Namibia, NAM, 2005, 43, -0.07
Namibia, NAM, 2006, 41, 0.12
Namibia, NAM, 2007, 45, 0.1
Namibia, NAM, 2008, 45, 0.35
Namibia, NAM, 2009, 45, 0.19
Namibia, NAM, 2010, 44, 0.15
Namibia, NAM, 2011, 44, 0.13
Namibia, NAM, 2012, 48, 0.25
Namibia, NAM, 2013, 48, 0.27
Namibia, NAM, 2014, 49, 0.15
Namibia, NAM, 2015, 53, 0.19
Nepal, NPL, 2003, , -0.56
Nepal, NPL, 2004, , -0.74
Nepal, NPL, 2005, 25, -0.82
Nepal, NPL, 2006, 25, -0.62
Nepal, NPL, 2007, 25, -0.59
Nepal, NPL, 2008, 27, -0.67
Nepal, NPL, 2009, 23, -0.86
Nepal, NPL, 2010, 22, -0.95
Nepal, NPL, 2011, 22, -0.89
Nepal, NPL, 2012, 27, -0.74
Nepal, NPL, 2013, 31, -0.72
Nepal, NPL, 2014, 29, -0.65
Nepal, NPL, 2015, 27, -0.68
Netherlands, NLD, 2003, , 1.75
Netherlands, NLD, 2004, , 1.76
Netherlands, NLD, 2005, , 1.76
Netherlands, NLD, 2006, , 1.78
Netherlands, NLD, 2007, , 1.79
Netherlands, NLD, 2008, , 1.76
Netherlands, NLD, 2009, , 1.81
Netherlands, NLD, 2010, , 1.82
Netherlands, NLD, 2011, , 1.82
Netherlands, NLD, 2012, , 1.86
Netherlands, NLD, 2013, 83, 1.84
Netherlands, NLD, 2014, 83, 1.98
Netherlands, NLD, 2015, 87, 1.94
New Zealand, NZL, 2003, 95, 1.89
New Zealand, NZL, 2004, 96, 1.87
New Zealand, NZL, 2005, 96, 1.86
New Zealand, NZL, 2006, 96, 1.81
New Zealand, NZL, 2007, 94, 1.84
New Zealand, NZL, 2008, 93, 1.86
New Zealand, NZL, 2009, 94, 1.93
New Zealand, NZL, 2010, 93, 1.87
New Zealand, NZL, 2011, 95, 1.9
New Zealand, NZL, 2012, 90, 1.89
New Zealand, NZL, 2013, 91, 1.88
New Zealand, NZL, 2014, 91, 2.01
New Zealand, NZL, 2015, 88, 2
Nicaragua, NIC, 2003, 26, -0.54
Nicaragua, NIC, 2004, 27, -0.77
Nicaragua, NIC, 2005, 26, -0.61
Nicaragua, NIC, 2006, 26, -0.75
Nicaragua, NIC, 2007, 26, -0.79
Nicaragua, NIC, 2008, 25, -0.8
Nicaragua, NIC, 2009, 25, -0.79
Nicaragua, NIC, 2010, 25, -0.83
Nicaragua, NIC, 2011, 25, -0.72
Nicaragua, NIC, 2012, 29, -0.73
Nicaragua, NIC, 2013, 28, -0.67
Nicaragua, NIC, 2014, 28, -0.71
Nicaragua, NIC, 2015, 27, -0.74
Niger, NER, 2003, , -0.52
Niger, NER, 2004, 22, -0.64
Niger, NER, 2005, 24, -0.71
Niger, NER, 2006, 23, -0.59
Niger, NER, 2007, 26, -0.6
Niger, NER, 2008, 28, -0.67
Niger, NER, 2009, 25, -0.48
Niger, NER, 2010, 26, -0.48
Niger, NER, 2011, 25, -0.39
Niger, NER, 2012, 33, -0.65
Niger, NER, 2013, 34, -0.66
Niger, NER, 2014, 35, -0.65
Niger, NER, 2015, 34, -0.58
Nigeria, NGA, 2003, 14, -1.43
Nigeria, NGA, 2004, 16, -1.41
Nigeria, NGA, 2005, 19, -1.35
Nigeria, NGA, 2006, 22, -1.07
Nigeria, NGA, 2007, 22, -1.07
Nigeria, NGA, 2008, 27, -1.04
Nigeria, NGA, 2009, 25, -1.15
Nigeria, NGA, 2010, 24, -1.16
Nigeria, NGA, 2011, 24, -1.18
Nigeria, NGA, 2012, 27, -1.15
Nigeria, NGA, 2013, 25, -1.11
Nigeria, NGA, 2014, 27, -1.05
Nigeria, NGA, 2015, 26, -0.96
Norfolk Island, NFK, 2003, 34, 
Norfolk Island, NFK, 2004, 37, 
Norfolk Island, NFK, 2005, 35, 
Norfolk Island, NFK, 2006, 31, 
Norfolk Island, NFK, 2007, 32, 
Norfolk Island, NFK, 2008, 34, 
Norfolk Island, NFK, 2009, 34, 
Norfolk Island, NFK, 2010, 36, 
Norfolk Island, NFK, 2011, 33, 
Norfolk Island, NFK, 2012, 38, 
Norfolk Island, NFK, 2013, 35, 
North Korea, PRK, 2003, , -1.16
North Korea, PRK, 2004, , -1.28
North Korea, PRK, 2005, , -1.14
North Korea, PRK, 2006, , -1.39
North Korea, PRK, 2007, , -1.26
North Korea, PRK, 2008, , -1.23
North Korea, PRK, 2009, , -1.34
North Korea, PRK, 2010, , -1.38
North Korea, PRK, 2011, , -1.38
North Korea, PRK, 2012, 8, -1.35
North Korea, PRK, 2013, 8, -1.38
North Korea, PRK, 2014, 8, -1.62
North Korea, PRK, 2015, 8, -1.65
Norway, NOR, 2003, 88, 1.92
Norway, NOR, 2004, 89, 1.98
Norway, NOR, 2005, 89, 1.92
Norway, NOR, 2006, 88, 1.98
Norway, NOR, 2007, 87, 1.95
Norway, NOR, 2008, 79, 1.97
Norway, NOR, 2009, 86, 1.88
Norway, NOR, 2010, 86, 1.9
Norway, NOR, 2011, 90, 1.87
Norway, NOR, 2012, 85, 1.96
Norway, NOR, 2013, 86, 1.98
Norway, NOR, 2014, 86, 2.03
Norway, NOR, 2015, 87, 2.01
Oman, OMN, 2003, 63, 0.49
Oman, OMN, 2004, 61, 0.52
Oman, OMN, 2005, 63, 0.31
Oman, OMN, 2006, 54, 0.29
Oman, OMN, 2007, 47, 0.41
Oman, OMN, 2008, 55, 0.59
Oman, OMN, 2009, 55, 0.56
Oman, OMN, 2010, 53, 0.54
Oman, OMN, 2011, 48, 0.47
Oman, OMN, 2012, 47, 0.52
Oman, OMN, 2013, 47, 0.49
Oman, OMN, 2014, 45, 0.49
Oman, OMN, 2015, 45, 0.38
Pakistan, PAK, 2003, 25, -0.77
Pakistan, PAK, 2004, 21, -0.88
Pakistan, PAK, 2005, 21, -0.89
Pakistan, PAK, 2006, 22, -0.86
Pakistan, PAK, 2007, 24, -0.89
Pakistan, PAK, 2008, 25, -0.97
Pakistan, PAK, 2009, 24, -0.83
Pakistan, PAK, 2010, 23, -0.74
Pakistan, PAK, 2011, 25, -0.9
Pakistan, PAK, 2012, 27, -0.88
Pakistan, PAK, 2013, 28, -0.86
Pakistan, PAK, 2014, 29, -0.76
Pakistan, PAK, 2015, 30, -0.77
Palau, PLW, 2003, , 0.86
Palau, PLW, 2004, , 0.84
Palau, PLW, 2005, , 0.79
Palau, PLW, 2006, , 0.99
Palau, PLW, 2007, , 0.89
Palau, PLW, 2008, , 0.78
Palau, PLW, 2009, , 0.81
Palau, PLW, 2010, , 0.75
Palau, PLW, 2011, , 0.89
Palau, PLW, 2012, , 0.9
Palau, PLW, 2013, , 0.9
Palau, PLW, 2014, , 0.28
Palau, PLW, 2015, , 0.24
Palestine, PS, 2003, 30, -0.09
Palestine, PS, 2004, 25, -0.26
Palestine, PS, 2005, 26, -0.34
Palestine, PS, 2006, , -0.39
Palestine, PS, 2007, , -0.62
Palestine, PS, 2008, , -0.76
Palestine, PS, 2009, , -0.31
Palestine, PS, 2010, , -0.2
Palestine, PS, 2011, , -0.43
Palestine, PS, 2012, , -0.44
Palestine, PS, 2013, , -0.4
Palestine, PS, 2014, , -0.39
Palestine, PS, 2015, , -0.51
Panama, PAN, 2003, 34, -0.11
Panama, PAN, 2004, 37, -0.1
Panama, PAN, 2005, 35, -0.09
Panama, PAN, 2006, 31, -0.13
Panama, PAN, 2007, 32, -0.15
Panama, PAN, 2008, 34, -0.17
Panama, PAN, 2009, 34, -0.09
Panama, PAN, 2010, 36, -0.07
Panama, PAN, 2011, 33, 0.02
Panama, PAN, 2012, 38, -0.19
Panama, PAN, 2013, 35, -0.22
Panama, PAN, 2014, 37, -0.06
Panama, PAN, 2015, 39, -0.11
Papua New Guinea, PNG, 2003, 21, -1.14
Papua New Guinea, PNG, 2004, 26, -0.9
Papua New Guinea, PNG, 2005, 23, -1
Papua New Guinea, PNG, 2006, 24, -0.83
Papua New Guinea, PNG, 2007, 20, -0.86
Papua New Guinea, PNG, 2008, 20, -0.92
Papua New Guinea, PNG, 2009, 21, -0.89
Papua New Guinea, PNG, 2010, 21, -0.91
Papua New Guinea, PNG, 2011, 22, -0.81
Papua New Guinea, PNG, 2012, 25, -0.84
Papua New Guinea, PNG, 2013, 25, -0.95
Papua New Guinea, PNG, 2014, 25, -0.8
Papua New Guinea, PNG, 2015, 25, -0.87
Paraguay, PRY, 2003, 16, -1.03
Paraguay, PRY, 2004, 19, -1
Paraguay, PRY, 2005, 21, -0.98
Paraguay, PRY, 2006, 26, -0.98
Paraguay, PRY, 2007, 24, -0.97
Paraguay, PRY, 2008, 24, -0.93
Paraguay, PRY, 2009, 21, -0.88
Paraguay, PRY, 2010, 22, -0.86
Paraguay, PRY, 2011, 22, -0.84
Paraguay, PRY, 2012, 25, -0.85
Paraguay, PRY, 2013, 24, -0.81
Paraguay, PRY, 2014, 24, -0.67
Paraguay, PRY, 2015, 27, -0.69
Peru, PER, 2003, 37, -0.52
Peru, PER, 2004, 35, -0.49
Peru, PER, 2005, 35, -0.68
Peru, PER, 2006, 33, -0.69
Peru, PER, 2007, 35, -0.73
Peru, PER, 2008, 36, -0.7
Peru, PER, 2009, 37, -0.61
Peru, PER, 2010, 35, -0.56
Peru, PER, 2011, 34, -0.58
Peru, PER, 2012, 38, -0.57
Peru, PER, 2013, 38, -0.57
Peru, PER, 2014, 38, -0.52
Peru, PER, 2015, 36, -0.49
Philippines, PHL, 2003, 25, -0.49
Philippines, PHL, 2004, 26, -0.57
Philippines, PHL, 2005, 25, -0.35
Philippines, PHL, 2006, 25, -0.41
Philippines, PHL, 2007, 25, -0.46
Philippines, PHL, 2008, 23, -0.55
Philippines, PHL, 2009, 24, -0.57
Philippines, PHL, 2010, 24, -0.55
Philippines, PHL, 2011, 26, -0.51
Philippines, PHL, 2012, 34, -0.52
Philippines, PHL, 2013, 36, -0.4
Philippines, PHL, 2014, 38, -0.32
Philippines, PHL, 2015, 35, -0.34
Poland, POL, 2003, 36, 0.56
Poland, POL, 2004, 35, 0.42
Poland, POL, 2005, 34, 0.48
Poland, POL, 2006, 37, 0.4
Poland, POL, 2007, 42, 0.43
Poland, POL, 2008, 46, 0.55
Poland, POL, 2009, 50, 0.63
Poland, POL, 2010, 53, 0.68
Poland, POL, 2011, 55, 0.77
Poland, POL, 2012, 58, 0.78
Poland, POL, 2013, 60, 0.82
Poland, POL, 2014, 61, 0.84
Poland, POL, 2015, 62, 0.8
Portugal, PRT, 2003, 66, 1.31
Portugal, PRT, 2004, 63, 1.25
Portugal, PRT, 2005, 65, 1.23
Portugal, PRT, 2006, 66, 0.99
Portugal, PRT, 2007, 65, 1.02
Portugal, PRT, 2008, 61, 1.02
Portugal, PRT, 2009, 58, 1.06
Portugal, PRT, 2010, 60, 1.06
Portugal, PRT, 2011, 61, 1.02
Portugal, PRT, 2012, 63, 1.07
Portugal, PRT, 2013, 62, 1.06
Portugal, PRT, 2014, 63, 1.14
Portugal, PRT, 2015, 63, 1.15
Puerto Rico, PRI, 2003, , 0.73
Puerto Rico, PRI, 2004, , 0.8
Puerto Rico, PRI, 2005, , 0.59
Puerto Rico, PRI, 2006, , 0.53
Puerto Rico, PRI, 2007, , 0.59
Puerto Rico, PRI, 2008, , 0.54
Puerto Rico, PRI, 2009, , 0.77
Puerto Rico, PRI, 2010, , 0.77
Puerto Rico, PRI, 2011, , 0.73
Puerto Rico, PRI, 2012, 63, 0.8
Puerto Rico, PRI, 2013, 62, 0.67
Puerto Rico, PRI, 2014, 63, 0.77
Puerto Rico, PRI, 2015, , 0.75
Qatar, QAT, 2003, 56, 0.45
Qatar, QAT, 2004, 52, 0.35
Qatar, QAT, 2005, 59, 0.59
Qatar, QAT, 2006, 60, 0.63
Qatar, QAT, 2007, 60, 0.53
Qatar, QAT, 2008, 65, 0.68
Qatar, QAT, 2009, 70, 0.91
Qatar, QAT, 2010, 77, 0.85
Qatar, QAT, 2011, 72, 0.76
Qatar, QAT, 2012, 68, 0.96
Qatar, QAT, 2013, 68, 0.96
Qatar, QAT, 2014, 69, 0.86
Qatar, QAT, 2015, 71, 0.77
Republic of the Congo, COG, 2003, , -1.17
Republic of the Congo, COG, 2004, , -1.19
Republic of the Congo, COG, 2005, , -1.47
Republic of the Congo, COG, 2006, , -1.27
Republic of the Congo, COG, 2007, , -1.24
Republic of the Congo, COG, 2008, , -1.2
Republic of the Congo, COG, 2009, , -1.22
Republic of the Congo, COG, 2010, , -1.22
Republic of the Congo, COG, 2011, , -1.2
Republic of the Congo, COG, 2012, 26, -1.14
Republic of the Congo, COG, 2013, 22, -1.11
Republic of the Congo, COG, 2014, 23, -1.11
Republic of the Congo, COG, 2015, 23, -1.08
Romania, ROU, 2003, 28, -0.21
Romania, ROU, 2004, 29, -0.17
Romania, ROU, 2005, 30, -0.14
Romania, ROU, 2006, 31, -0.12
Romania, ROU, 2007, 37, -0.09
Romania, ROU, 2008, 38, -0.01
Romania, ROU, 2009, 38, 0.05
Romania, ROU, 2010, 37, 0.05
Romania, ROU, 2011, 36, 0.06
Romania, ROU, 2012, 44, 0.04
Romania, ROU, 2013, 43, 0.13
Romania, ROU, 2014, 43, 0.17
Romania, ROU, 2015, 46, 0.16
Russia, RUS, 2003, 27, -0.91
Russia, RUS, 2004, 28, -0.89
Russia, RUS, 2005, 24, -0.93
Russia, RUS, 2006, 25, -0.95
Russia, RUS, 2007, 23, -0.97
Russia, RUS, 2008, 21, -0.96
Russia, RUS, 2009, 22, -0.78
Russia, RUS, 2010, 21, -0.76
Russia, RUS, 2011, 24, -0.73
Russia, RUS, 2012, 28, -0.82
Russia, RUS, 2013, 28, -0.78
Russia, RUS, 2014, 27, -0.74
Russia, RUS, 2015, 29, -0.76
Rwanda, RWA, 2003, , -0.8
Rwanda, RWA, 2004, , -0.82
Rwanda, RWA, 2005, 31, -0.92
Rwanda, RWA, 2006, 25, -0.68
Rwanda, RWA, 2007, 28, -0.58
Rwanda, RWA, 2008, 30, -0.48
Rwanda, RWA, 2009, 33, -0.5
Rwanda, RWA, 2010, 40, -0.33
Rwanda, RWA, 2011, 50, -0.31
Rwanda, RWA, 2012, 53, -0.27
Rwanda, RWA, 2013, 53, -0.15
Rwanda, RWA, 2014, 49, 0.06
Rwanda, RWA, 2015, 54, 0.05
Saint Lucia, LCA, 2003, , 0.62
Saint Lucia, LCA, 2004, , 0.68
Saint Lucia, LCA, 2005, , 0.77
Saint Lucia, LCA, 2006, , 0.83
Saint Lucia, LCA, 2007, 68, 0.79
Saint Lucia, LCA, 2008, 71, 0.85
Saint Lucia, LCA, 2009, 70, 0.86
Saint Lucia, LCA, 2010, , 0.85
Saint Lucia, LCA, 2011, 70, 0.79
Saint Lucia, LCA, 2012, 71, 0.66
Saint Lucia, LCA, 2013, 71, 0.7
Saint Lucia, LCA, 2014, , 0.57
Saint Lucia, LCA, 2015, , 0.67
Saint Vincent and the Grenadines, VCT, 2003, , 0.62
Saint Vincent and the Grenadines, VCT, 2004, , 0.72
Saint Vincent and the Grenadines, VCT, 2005, , 0.77
Saint Vincent and the Grenadines, VCT, 2006, , 0.83
Saint Vincent and the Grenadines, VCT, 2007, 61, 0.64
Saint Vincent and the Grenadines, VCT, 2008, 65, 0.9
Saint Vincent and the Grenadines, VCT, 2009, 64, 0.89
Saint Vincent and the Grenadines, VCT, 2010, , 0.88
Saint Vincent and the Grenadines, VCT, 2011, 58, 0.92
Saint Vincent and the Grenadines, VCT, 2012, 62, 0.91
Saint Vincent and the Grenadines, VCT, 2013, 62, 0.88
Saint Vincent and the Grenadines, VCT, 2014, 67, 0.55
Saint Vincent and the Grenadines, VCT, 2015, , 0.59
Samoa, WSM, 2003, , 1.03
Samoa, WSM, 2004, , 0.85
Samoa, WSM, 2005, , 1.06
Samoa, WSM, 2006, , 0.94
Samoa, WSM, 2007, , 0.89
Samoa, WSM, 2008, , 0.79
Samoa, WSM, 2009, , 0.64
Samoa, WSM, 2010, , 0.67
Samoa, WSM, 2011, , 0.69
Samoa, WSM, 2012, , 0.68
Samoa, WSM, 2013, , 0.68
Samoa, WSM, 2014, 52, 0.72
Samoa, WSM, 2015, , 0.7
San Marino, SMR, 2003, , 0.86
San Marino, SMR, 2004, , 0.84
San Marino, SMR, 2005, , 0.79
San Marino, SMR, 2006, , 0.99
San Marino, SMR, 2007, , 0.89
San Marino, SMR, 2008, , 0.91
San Marino, SMR, 2009, , 0.95
San Marino, SMR, 2010, , 0.89
San Marino, SMR, 2011, , 0.95
San Marino, SMR, 2012, , 0.93
San Marino, SMR, 2013, , 0.94
Sao Tome and Principe, STP, 2003, , -0.4
Sao Tome and Principe, STP, 2004, , -0.32
Sao Tome and Principe, STP, 2005, , -0.53
Sao Tome and Principe, STP, 2006, , -0.49
Sao Tome and Principe, STP, 2007, 27, -0.43
Sao Tome and Principe, STP, 2008, 27, -0.48
Sao Tome and Principe, STP, 2009, 28, -0.68
Sao Tome and Principe, STP, 2010, 30, -0.66
Sao Tome and Principe, STP, 2011, 30, -0.66
Sao Tome and Principe, STP, 2012, 42, -0.75
Sao Tome and Principe, STP, 2013, 42, -0.77
Sao Tome and Principe, STP, 2014, 42, -0.79
Sao Tome and Principe, STP, 2015, 42, -0.76
Saudi Arabia, SAU, 2003, 45, 0.13
Saudi Arabia, SAU, 2004, 34, 0.02
Saudi Arabia, SAU, 2005, 34, -0.01
Saudi Arabia, SAU, 2006, 33, 0.02
Saudi Arabia, SAU, 2007, 34, 0.08
Saudi Arabia, SAU, 2008, 35, 0.07
Saudi Arabia, SAU, 2009, 43, 0.05
Saudi Arabia, SAU, 2010, 47, 0.16
Saudi Arabia, SAU, 2011, 43, 0.05
Saudi Arabia, SAU, 2012, 44, 0.15
Saudi Arabia, SAU, 2013, 46, 0.16
Saudi Arabia, SAU, 2014, 49, 0.13
Saudi Arabia, SAU, 2015, 52, 0.12
Senegal, SEN, 2003, 32, -0.06
Senegal, SEN, 2004, 30, 0
Senegal, SEN, 2005, 32, 0.01
Senegal, SEN, 2006, 33, -0.22
Senegal, SEN, 2007, 36, -0.24
Senegal, SEN, 2008, 34, -0.28
Senegal, SEN, 2009, 30, -0.37
Senegal, SEN, 2010, 29, -0.4
Senegal, SEN, 2011, 29, -0.46
Senegal, SEN, 2012, 36, -0.29
Senegal, SEN, 2013, 41, -0.24
Senegal, SEN, 2014, 43, -0.08
Senegal, SEN, 2015, 44, -0.14
Serbia, SRB, 2003, 23, -0.85
Serbia, SRB, 2004, 27, -0.72
Serbia, SRB, 2005, 28, -0.91
Serbia, SRB, 2006, 30, -0.53
Serbia, SRB, 2007, 34, -0.47
Serbia, SRB, 2008, 34, -0.5
Serbia, SRB, 2009, 35, -0.41
Serbia, SRB, 2010, 35, -0.37
Serbia, SRB, 2011, 33, -0.29
Serbia, SRB, 2012, 39, -0.36
Serbia, SRB, 2013, 42, -0.33
Serbia, SRB, 2014, 41, -0.15
Serbia, SRB, 2015, 40, -0.12
Seychelles, SYC, 2003, , 0.11
Seychelles, SYC, 2004, 44, 0.16
Seychelles, SYC, 2005, 40, 0.03
Seychelles, SYC, 2006, 36, -0
Seychelles, SYC, 2007, 45, 0.1
Seychelles, SYC, 2008, 48, 0.22
Seychelles, SYC, 2009, 48, 0.08
Seychelles, SYC, 2010, 48, 0.03
Seychelles, SYC, 2011, 48, -0.01
Seychelles, SYC, 2012, 52, -0.01
Seychelles, SYC, 2013, 54, 0.07
Seychelles, SYC, 2014, 55, 0.13
Seychelles, SYC, 2015, 55, 0.2
Sierra Leone, SLE, 2003, 22, -1.12
Sierra Leone, SLE, 2004, 23, -1.13
Sierra Leone, SLE, 2005, 24, -1.13
Sierra Leone, SLE, 2006, 22, -0.99
Sierra Leone, SLE, 2007, 21, -0.99
Sierra Leone, SLE, 2008, 19, -0.94
Sierra Leone, SLE, 2009, 22, -0.9
Sierra Leone, SLE, 2010, 24, -0.93
Sierra Leone, SLE, 2011, 25, -0.85
Sierra Leone, SLE, 2012, 31, -0.85
Sierra Leone, SLE, 2013, 30, -0.86
Sierra Leone, SLE, 2014, 31, -0.92
Sierra Leone, SLE, 2015, 29, -0.85
Singapore, SGP, 2003, 94, 1.57
Singapore, SGP, 2004, 93, 1.66
Singapore, SGP, 2005, 94, 1.71
Singapore, SGP, 2006, 94, 1.59
Singapore, SGP, 2007, 93, 1.61
Singapore, SGP, 2008, 92, 1.61
Singapore, SGP, 2009, 92, 1.57
Singapore, SGP, 2010, 93, 1.63
Singapore, SGP, 2011, 92, 1.67
Singapore, SGP, 2012, 87, 1.73
Singapore, SGP, 2013, 86, 1.71
Singapore, SGP, 2014, 84, 1.82
Singapore, SGP, 2015, 85, 1.81
Slovakia, SVK, 2003, 37, 0.36
Slovakia, SVK, 2004, 40, 0.52
Slovakia, SVK, 2005, 43, 0.54
Slovakia, SVK, 2006, 47, 0.55
Slovakia, SVK, 2007, 49, 0.49
Slovakia, SVK, 2008, 50, 0.59
Slovakia, SVK, 2009, 45, 0.54
Slovakia, SVK, 2010, 43, 0.57
Slovakia, SVK, 2011, 40, 0.61
Slovakia, SVK, 2012, 46, 0.49
Slovakia, SVK, 2013, 47, 0.48
Slovakia, SVK, 2014, 50, 0.5
Slovakia, SVK, 2015, 51, 0.5
Slovenia, SVN, 2003, 59, 0.97
Slovenia, SVN, 2004, 60, 0.93
Slovenia, SVN, 2005, 61, 0.89
Slovenia, SVN, 2006, 64, 0.91
Slovenia, SVN, 2007, 66, 0.92
Slovenia, SVN, 2008, 67, 1.01
Slovenia, SVN, 2009, 66, 1.08
Slovenia, SVN, 2010, 64, 1.01
Slovenia, SVN, 2011, 59, 1.05
Slovenia, SVN, 2012, 61, 1.01
Slovenia, SVN, 2013, 57, 1
Slovenia, SVN, 2014, 58, 1
Slovenia, SVN, 2015, 60, 0.97
Solomon Islands, SLB, 2003, , -0.88
Solomon Islands, SLB, 2004, , -0.89
Solomon Islands, SLB, 2005, , -0.8
Solomon Islands, SLB, 2006, , -0.6
Solomon Islands, SLB, 2007, 28, -0.79
Solomon Islands, SLB, 2008, 29, -0.64
Solomon Islands, SLB, 2009, 28, -0.68
Solomon Islands, SLB, 2010, 28, -0.65
Solomon Islands, SLB, 2011, 27, -0.52
Solomon Islands, SLB, 2012, , -0.54
Solomon Islands, SLB, 2013, , -0.53
Solomon Islands, SLB, 2014, , -0.5
Solomon Islands, SLB, 2015, , -0.49
Somalia, SOM, 2003, , -2.12
Somalia, SOM, 2004, , -2.27
Somalia, SOM, 2005, 21, -2.17
Somalia, SOM, 2006, , -2.34
Somalia, SOM, 2007, 14, -2.41
Somalia, SOM, 2008, 10, -2.61
Somalia, SOM, 2009, 11, -2.45
Somalia, SOM, 2010, 11, -2.41
Somalia, SOM, 2011, 10, -2.33
Somalia, SOM, 2012, 8, -2.42
Somalia, SOM, 2013, 8, -2.4
Somalia, SOM, 2014, 8, -2.35
Somalia, SOM, 2015, 8, -2.3
South Africa, ZAF, 2003, 44, 0.12
South Africa, ZAF, 2004, 46, 0.11
South Africa, ZAF, 2005, 45, 0.11
South Africa, ZAF, 2006, 46, 0.26
South Africa, ZAF, 2007, 51, 0.09
South Africa, ZAF, 2008, 49, 0.07
South Africa, ZAF, 2009, 47, 0.12
South Africa, ZAF, 2010, 45, 0.14
South Africa, ZAF, 2011, 43, 0.15
South Africa, ZAF, 2012, , 0.11
South Africa, ZAF, 2013, 42, 0.16
South Africa, ZAF, 2014, 44, 0.18
South Africa, ZAF, 2015, 44, 0.09
South Korea, KOR, 2003, 43, 0.83
South Korea, KOR, 2004, 45, 0.92
South Korea, KOR, 2005, 50, 0.99
South Korea, KOR, 2006, 51, 0.87
South Korea, KOR, 2007, 51, 1.03
South Korea, KOR, 2008, 56, 0.88
South Korea, KOR, 2009, , 0.99
South Korea, KOR, 2010, , 1
South Korea, KOR, 2011, , 1.03
South Korea, KOR, 2012, 56, 0.98
South Korea, KOR, 2013, 55, 0.95
South Korea, KOR, 2014, 55, 0.99
South Korea, KOR, 2015, 56, 0.93
Spain, ESP, 2003, 69, 1.28
Spain, ESP, 2004, 71, 1.14
Spain, ESP, 2005, 70, 1.13
Spain, ESP, 2006, 68, 1.13
Spain, ESP, 2007, 67, 1.17
Spain, ESP, 2008, 65, 1.19
Spain, ESP, 2009, 61, 1.16
Spain, ESP, 2010, 61, 1.19
Spain, ESP, 2011, 62, 1.2
Spain, ESP, 2012, 65, 1.06
Spain, ESP, 2013, 59, 1.02
Spain, ESP, 2014, 60, 0.95
Spain, ESP, 2015, 58, 0.9
Sri Lanka, LKA, 2003, 34, 0.24
Sri Lanka, LKA, 2004, 35, 0.18
Sri Lanka, LKA, 2005, 32, 0.15
Sri Lanka, LKA, 2006, 31, 0.18
Sri Lanka, LKA, 2007, 32, 0.13
Sri Lanka, LKA, 2008, 32, -0.01
Sri Lanka, LKA, 2009, 31, -0.11
Sri Lanka, LKA, 2010, 32, -0.12
Sri Lanka, LKA, 2011, 33, -0.12
Sri Lanka, LKA, 2012, 40, -0.12
Sri Lanka, LKA, 2013, 37, -0.28
Sri Lanka, LKA, 2014, 38, -0.17
Sri Lanka, LKA, 2015, 37, 0.04
Sudan, SDN, 2003, 23, -1.64
Sudan, SDN, 2004, 22, -1.54
Sudan, SDN, 2005, 21, -1.63
Sudan, SDN, 2006, 20, -1.36
Sudan, SDN, 2007, 18, -1.4
Sudan, SDN, 2008, 16, -1.42
Sudan, SDN, 2009, 15, -1.24
Sudan, SDN, 2010, 16, -1.31
Sudan, SDN, 2011, 16, -1.28
Sudan, SDN, 2012, 13, -1.23
Sudan, SDN, 2013, 11, -1.27
Sudan, SDN, 2014, 11, -1.17
Sudan, SDN, 2015, 12, -1.21
Suriname, SUR, 2003, , -0.03
Suriname, SUR, 2004, , -0.17
Suriname, SUR, 2005, 32, -0.13
Suriname, SUR, 2006, 30, -0.22
Suriname, SUR, 2007, 35, -0.24
Suriname, SUR, 2008, 36, -0.23
Suriname, SUR, 2009, 37, -0.12
Suriname, SUR, 2010, , -0.05
Suriname, SUR, 2011, 30, -0.04
Suriname, SUR, 2012, 37, -0.06
Suriname, SUR, 2013, 36, -0.05
Suriname, SUR, 2014, 36, -0.14
Suriname, SUR, 2015, 36, -0.2
Swaziland, SWZ, 2003, , -0.73
Swaziland, SWZ, 2004, , -0.87
Swaziland, SWZ, 2005, 27, -0.9
Swaziland, SWZ, 2006, 25, -0.68
Swaziland, SWZ, 2007, 33, -0.76
Swaziland, SWZ, 2008, 36, -0.65
Swaziland, SWZ, 2009, 36, -0.62
Swaziland, SWZ, 2010, 32, -0.53
Swaziland, SWZ, 2011, 31, -0.49
Swaziland, SWZ, 2012, 37, -0.49
Swaziland, SWZ, 2013, 39, -0.46
Swaziland, SWZ, 2014, 43, -0.31
Swaziland, SWZ, 2015, , -0.32
Sweden, SWE, 2003, 93, 1.93
Sweden, SWE, 2004, 92, 1.89
Sweden, SWE, 2005, 92, 1.81
Sweden, SWE, 2006, 92, 1.86
Sweden, SWE, 2007, 93, 1.91
Sweden, SWE, 2008, 93, 1.93
Sweden, SWE, 2009, 92, 1.97
Sweden, SWE, 2010, 92, 1.96
Sweden, SWE, 2011, 93, 1.94
Sweden, SWE, 2012, 88, 1.95
Sweden, SWE, 2013, 89, 1.97
Sweden, SWE, 2014, 87, 1.99
Sweden, SWE, 2015, 89, 2.04
Switzerland, CHE, 2003, 88, 1.94
Switzerland, CHE, 2004, 91, 1.91
Switzerland, CHE, 2005, 91, 1.91
Switzerland, CHE, 2006, 91, 1.82
Switzerland, CHE, 2007, 90, 1.85
Switzerland, CHE, 2008, 90, 1.82
Switzerland, CHE, 2009, 90, 1.75
Switzerland, CHE, 2010, 87, 1.76
Switzerland, CHE, 2011, 88, 1.73
Switzerland, CHE, 2012, 86, 1.82
Switzerland, CHE, 2013, 85, 1.8
Switzerland, CHE, 2014, 86, 1.99
Switzerland, CHE, 2015, 86, 1.95
Syria, SYR, 2003, 34, -0.47
Syria, SYR, 2004, 34, -0.47
Syria, SYR, 2005, 34, -0.59
Syria, SYR, 2006, 29, -0.94
Syria, SYR, 2007, 24, -0.8
Syria, SYR, 2008, 21, -0.69
Syria, SYR, 2009, 26, -0.57
Syria, SYR, 2010, 25, -0.59
Syria, SYR, 2011, 26, -0.78
Syria, SYR, 2012, 26, -1.13
Syria, SYR, 2013, 17, -1.41
Syria, SYR, 2014, 20, -1.36
Syria, SYR, 2015, 18, -1.42
Taiwan, TWN, 2003, 57, 0.98
Taiwan, TWN, 2004, 56, 1
Taiwan, TWN, 2005, 59, 1.03
Taiwan, TWN, 2006, 59, 0.78
Taiwan, TWN, 2007, 57, 0.79
Taiwan, TWN, 2008, 57, 0.79
Taiwan, TWN, 2009, 56, 0.94
Taiwan, TWN, 2010, 58, 1.01
Taiwan, TWN, 2011, 61, 1.03
Taiwan, TWN, 2012, 61, 1.05
Taiwan, TWN, 2013, 61, 1.05
Taiwan, TWN, 2014, 61, 1.19
Taiwan, TWN, 2015, 62, 1.16
Tajikistan, TJK, 2003, , -1.03
Tajikistan, TJK, 2004, , -1.17
Tajikistan, TJK, 2005, 21, -1.09
Tajikistan, TJK, 2006, 22, -1.18
Tajikistan, TJK, 2007, 21, -1.29
Tajikistan, TJK, 2008, , -1.29
Tajikistan, TJK, 2009, 20, -1.27
Tajikistan, TJK, 2010, 21, -1.21
Tajikistan, TJK, 2011, 23, -1.23
Tajikistan, TJK, 2012, 22, -1.2
Tajikistan, TJK, 2013, 22, -1.25
Tajikistan, TJK, 2014, 23, -1.01
Tajikistan, TJK, 2015, 26, -1.06
Tanzania, TZA, 2003, 25, -0.25
Tanzania, TZA, 2004, 28, -0.36
Tanzania, TZA, 2005, 29, -0.28
Tanzania, TZA, 2006, 29, -0.44
Tanzania, TZA, 2007, 32, -0.37
Tanzania, TZA, 2008, 30, -0.35
Tanzania, TZA, 2009, 26, -0.48
Tanzania, TZA, 2010, 27, -0.49
Tanzania, TZA, 2011, 30, -0.51
Tanzania, TZA, 2012, 35, -0.53
Tanzania, TZA, 2013, 33, -0.47
Tanzania, TZA, 2014, 31, -0.4
Tanzania, TZA, 2015, 30, -0.37
Thailand, THA, 2003, 33, 0.16
Thailand, THA, 2004, 36, 0.11
Thailand, THA, 2005, 38, 0.05
Thailand, THA, 2006, 36, -0.06
Thailand, THA, 2007, 33, -0.12
Thailand, THA, 2008, 35, -0.14
Thailand, THA, 2009, 34, -0.23
Thailand, THA, 2010, 35, -0.2
Thailand, THA, 2011, 34, -0.2
Thailand, THA, 2012, 37, -0.15
Thailand, THA, 2013, 35, -0.12
Thailand, THA, 2014, 38, -0.19
Thailand, THA, 2015, 38, -0.15
Togo, TGO, 2003, , -0.93
Togo, TGO, 2004, , -1.11
Togo, TGO, 2005, , -1.08
Togo, TGO, 2006, , -0.94
Togo, TGO, 2007, 23, -0.92
Togo, TGO, 2008, 27, -0.83
Togo, TGO, 2009, 28, -0.88
Togo, TGO, 2010, 24, -0.92
Togo, TGO, 2011, 24, -0.88
Togo, TGO, 2012, 30, -0.93
Togo, TGO, 2013, 29, -0.97
Togo, TGO, 2014, 29, -0.86
Togo, TGO, 2015, 32, -0.8
Tonga, TON, 2003, , -0.28
Tonga, TON, 2004, , 0.07
Tonga, TON, 2005, , 0.53
Tonga, TON, 2006, , 0.59
Tonga, TON, 2007, , 0.46
Tonga, TON, 2008, , 0.07
Tonga, TON, 2009, , -0.09
Tonga, TON, 2010, , 0.07
Tonga, TON, 2011, , -0.02
Tonga, TON, 2012, , -0.04
Tonga, TON, 2013, , -0.01
Tonga, TON, 2014, , -0.15
Tonga, TON, 2015, , -0.2
Trinidad and Tobago, TTO, 2003, 46, 0.28
Trinidad and Tobago, TTO, 2004, 42, 0.02
Trinidad and Tobago, TTO, 2005, 38, -0
Trinidad and Tobago, TTO, 2006, 32, -0.19
Trinidad and Tobago, TTO, 2007, 34, -0.13
Trinidad and Tobago, TTO, 2008, 36, -0.19
Trinidad and Tobago, TTO, 2009, 36, -0.18
Trinidad and Tobago, TTO, 2010, 36, -0.17
Trinidad and Tobago, TTO, 2011, 32, -0.15
Trinidad and Tobago, TTO, 2012, 39, -0.14
Trinidad and Tobago, TTO, 2013, 38, -0.17
Trinidad and Tobago, TTO, 2014, 38, -0.09
Trinidad and Tobago, TTO, 2015, 39, -0.12
Tunisia, TUN, 2003, 49, -0.14
Tunisia, TUN, 2004, 50, 0.05
Tunisia, TUN, 2005, 49, -0.01
Tunisia, TUN, 2006, 46, 0.11
Tunisia, TUN, 2007, 42, 0.09
Tunisia, TUN, 2008, 44, 0.07
Tunisia, TUN, 2009, 42, 0.13
Tunisia, TUN, 2010, 43, 0.06
Tunisia, TUN, 2011, 38, -0.13
Tunisia, TUN, 2012, 41, -0.13
Tunisia, TUN, 2013, 41, -0.19
Tunisia, TUN, 2014, 40, -0.11
Tunisia, TUN, 2015, 38, -0.06
Turkey, TUR, 2003, 31, 0.15
Turkey, TUR, 2004, 32, 0.13
Turkey, TUR, 2005, 35, 0.16
Turkey, TUR, 2006, 38, 0.05
Turkey, TUR, 2007, 41, 0.02
Turkey, TUR, 2008, 46, 0.08
Turkey, TUR, 2009, 44, 0.1
Turkey, TUR, 2010, 44, 0.11
Turkey, TUR, 2011, 42, 0.07
Turkey, TUR, 2012, 49, 0.04
Turkey, TUR, 2013, 50, 0.07
Turkey, TUR, 2014, 45, 0.01
Turkey, TUR, 2015, 42, -0.11
Turkmenistan, TKM, 2003, , -1.42
Turkmenistan, TKM, 2004, 20, -1.63
Turkmenistan, TKM, 2005, 18, -1.61
Turkmenistan, TKM, 2006, 22, -1.64
Turkmenistan, TKM, 2007, 20, -1.57
Turkmenistan, TKM, 2008, 18, -1.47
Turkmenistan, TKM, 2009, 18, -1.47
Turkmenistan, TKM, 2010, 16, -1.49
Turkmenistan, TKM, 2011, 16, -1.46
Turkmenistan, TKM, 2012, 17, -1.4
Turkmenistan, TKM, 2013, 17, -1.39
Turkmenistan, TKM, 2014, 17, -1.36
Turkmenistan, TKM, 2015, 18, -1.42
Tuvalu, TUV, 2003, , 1.3
Tuvalu, TUV, 2004, , 0.88
Tuvalu, TUV, 2005, , 1.27
Tuvalu, TUV, 2006, , 1.09
Tuvalu, TUV, 2007, , 1
Tuvalu, TUV, 2008, , 0.99
Tuvalu, TUV, 2009, , 1.02
Tuvalu, TUV, 2010, , 1
Tuvalu, TUV, 2011, , 0.47
Tuvalu, TUV, 2012, , 0.46
Tuvalu, TUV, 2013, , 0.49
Tuvalu, TUV, 2014, , 0.37
Tuvalu, TUV, 2015, , 0.36
Uganda, UGA, 2003, 22, -0.49
Uganda, UGA, 2004, 26, -0.63
Uganda, UGA, 2005, 25, -0.58
Uganda, UGA, 2006, 27, -0.33
Uganda, UGA, 2007, 28, -0.36
Uganda, UGA, 2008, 26, -0.35
Uganda, UGA, 2009, 25, -0.41
Uganda, UGA, 2010, 25, -0.4
Uganda, UGA, 2011, 24, -0.36
Uganda, UGA, 2012, 29, -0.35
Uganda, UGA, 2013, 26, -0.34
Uganda, UGA, 2014, 26, -0.39
Uganda, UGA, 2015, 25, -0.39
Ukraine, URK, 2003, 23, -0.78
Ukraine, URK, 2004, 22, -0.76
Ukraine, URK, 2005, 26, -0.78
Ukraine, URK, 2006, 28, -0.8
Ukraine, URK, 2007, 27, -0.73
Ukraine, URK, 2008, 25, -0.68
Ukraine, URK, 2009, 22, -0.76
Ukraine, URK, 2010, 24, -0.81
Ukraine, URK, 2011, 23, -0.82
Ukraine, URK, 2012, 26, -0.78
Ukraine, URK, 2013, 25, -0.8
Ukraine, URK, 2014, 26, -0.79
Ukraine, URK, 2015, 27, -0.81
United Arab Emirates, ARE, 2003, 52, 0.57
United Arab Emirates, ARE, 2004, 61, 0.44
United Arab Emirates, ARE, 2005, 62, 0.4
United Arab Emirates, ARE, 2006, 62, 0.32
United Arab Emirates, ARE, 2007, 57, 0.29
United Arab Emirates, ARE, 2008, 59, 0.42
United Arab Emirates, ARE, 2009, 65, 0.4
United Arab Emirates, ARE, 2010, 63, 0.32
United Arab Emirates, ARE, 2011, 68, 0.5
United Arab Emirates, ARE, 2012, 68, 0.54
United Arab Emirates, ARE, 2013, 69, 0.62
United Arab Emirates, ARE, 2014, 70, 0.65
United Arab Emirates, ARE, 2015, 70, 0.64
United Kingdom, GBR, 2003, 87, 1.7
United Kingdom, GBR, 2004, 86, 1.63
United Kingdom, GBR, 2005, 86, 1.57
United Kingdom, GBR, 2006, 86, 1.79
United Kingdom, GBR, 2007, 84, 1.74
United Kingdom, GBR, 2008, 77, 1.71
United Kingdom, GBR, 2009, 77, 1.74
United Kingdom, GBR, 2010, 76, 1.76
United Kingdom, GBR, 2011, 78, 1.65
United Kingdom, GBR, 2012, 74, 1.72
United Kingdom, GBR, 2013, 76, 1.71
United Kingdom, GBR, 2014, 78, 1.89
United Kingdom, GBR, 2015, 81, 1.81
Uruguay, URY, 2003, 55, 0.66
Uruguay, URY, 2004, 62, 0.46
Uruguay, URY, 2005, 59, 0.47
Uruguay, URY, 2006, 64, 0.56
Uruguay, URY, 2007, 67, 0.6
Uruguay, URY, 2008, 69, 0.6
Uruguay, URY, 2009, 67, 0.72
Uruguay, URY, 2010, 69, 0.74
Uruguay, URY, 2011, 70, 0.7
Uruguay, URY, 2012, 72, 0.59
Uruguay, URY, 2013, 73, 0.56
Uruguay, URY, 2014, 73, 0.71
Uruguay, URY, 2015, 74, 0.71
USA, USA, 2003, 75, 1.59
USA, USA, 2004, 75, 1.44
USA, USA, 2005, 76, 1.54
USA, USA, 2006, 73, 1.61
USA, USA, 2007, 72, 1.63
USA, USA, 2008, 73, 1.64
USA, USA, 2009, 73, 1.6
USA, USA, 2010, 71, 1.64
USA, USA, 2011, 71, 1.6
USA, USA, 2012, 73, 1.63
USA, USA, 2013, 73, 1.56
USA, USA, 2014, 74, 1.61
USA, USA, 2015, 76, 1.6
Uzbekistan, UZB, 2003, 24, -1.31
Uzbekistan, UZB, 2004, 23, -1.32
Uzbekistan, UZB, 2005, 22, -1.46
Uzbekistan, UZB, 2006, 21, -1.45
Uzbekistan, UZB, 2007, 17, -1.22
Uzbekistan, UZB, 2008, 18, -1.17
Uzbekistan, UZB, 2009, 17, -1.32
Uzbekistan, UZB, 2010, 16, -1.42
Uzbekistan, UZB, 2011, 16, -1.45
Uzbekistan, UZB, 2012, 17, -1.29
Uzbekistan, UZB, 2013, 17, -1.23
Uzbekistan, UZB, 2014, 18, -1.13
Uzbekistan, UZB, 2015, 19, -1.11
Vanuatu, VUT, 2003, , 0.11
Vanuatu, VUT, 2004, , 0.07
Vanuatu, VUT, 2005, , 0.51
Vanuatu, VUT, 2006, , 0.55
Vanuatu, VUT, 2007, 31, 0.56
Vanuatu, VUT, 2008, 29, 0.46
Vanuatu, VUT, 2009, 32, 0.4
Vanuatu, VUT, 2010, 36, 0.26
Vanuatu, VUT, 2011, 35, 0.27
Vanuatu, VUT, 2012, , 0.28
Vanuatu, VUT, 2013, , 0.31
Vanuatu, VUT, 2014, , 0.18
Vanuatu, VUT, 2015, , 0.1
Venezuela, VEN, 2003, 24, -1.29
Venezuela, VEN, 2004, 23, -1.24
Venezuela, VEN, 2005, 23, -1.24
Venezuela, VEN, 2006, 23, -1.42
Venezuela, VEN, 2007, 20, -1.57
Venezuela, VEN, 2008, 19, -1.62
Venezuela, VEN, 2009, 19, -1.62
Venezuela, VEN, 2010, 20, -1.65
Venezuela, VEN, 2011, 19, -1.68
Venezuela, VEN, 2012, 19, -1.69
Venezuela, VEN, 2013, 20, -1.82
Venezuela, VEN, 2014, 19, -1.92
Venezuela, VEN, 2015, 17, -2.03
Vietnam, VNM, 2003, 24, -0.58
Vietnam, VNM, 2004, 26, -0.57
Vietnam, VNM, 2005, 26, -0.32
Vietnam, VNM, 2006, 26, -0.52
Vietnam, VNM, 2007, 26, -0.49
Vietnam, VNM, 2008, 27, -0.47
Vietnam, VNM, 2009, 27, -0.54
Vietnam, VNM, 2010, 27, -0.59
Vietnam, VNM, 2011, 29, -0.54
Vietnam, VNM, 2012, 31, -0.55
Vietnam, VNM, 2013, 31, -0.51
Vietnam, VNM, 2014, 31, -0.36
Vietnam, VNM, 2015, 31, -0.34
Yemen, YEM, 2003, 26, -1.21
Yemen, YEM, 2004, 24, -1.22
Yemen, YEM, 2005, 27, -1.26
Yemen, YEM, 2006, 26, -1.04
Yemen, YEM, 2007, 25, -0.97
Yemen, YEM, 2008, 23, -0.98
Yemen, YEM, 2009, 21, -1.09
Yemen, YEM, 2010, 22, -1.09
Yemen, YEM, 2011, 21, -1.29
Yemen, YEM, 2012, 23, -1.27
Yemen, YEM, 2013, 18, -1.18
Yemen, YEM, 2014, 19, -1.2
Yemen, YEM, 2015, 18, -1.27
Zambia, ZMB, 2003, 25, -0.39
Zambia, ZMB, 2004, 26, -0.49
Zambia, ZMB, 2005, 26, -0.52
Zambia, ZMB, 2006, 26, -0.54
Zambia, ZMB, 2007, 26, -0.53
Zambia, ZMB, 2008, 28, -0.41
Zambia, ZMB, 2009, 30, -0.48
Zambia, ZMB, 2010, 30, -0.49
Zambia, ZMB, 2011, 32, -0.46
Zambia, ZMB, 2012, 37, -0.37
Zambia, ZMB, 2013, 38, -0.27
Zambia, ZMB, 2014, 38, -0.24
Zambia, ZMB, 2015, 38, -0.23
Zimbabwe, ZWE, 2003, 23, -1.7
Zimbabwe, ZWE, 2004, 23, -1.8
Zimbabwe, ZWE, 2005, 26, -1.82
Zimbabwe, ZWE, 2006, 24, -1.74
Zimbabwe, ZWE, 2007, 21, -1.8
Zimbabwe, ZWE, 2008, 18, -1.78
Zimbabwe, ZWE, 2009, 22, -1.85
Zimbabwe, ZWE, 2010, 24, -1.82
Zimbabwe, ZWE, 2011, 22, -1.78
Zimbabwe, ZWE, 2012, 20, -1.63
Zimbabwe, ZWE, 2013, 21, -1.58
Zimbabwe, ZWE, 2014, 21, -1.43
Zimbabwe, ZWE, 2015, 21, -1.32
